method,policy,family,run,iteration,configured_batch_size,configured_budget,configured_exploration,n_experiments,batch_size_added,best_q,best_pool_idx,simple_regret,normalized_regret,best_rank_percentile,hit_top1pct,hit_top0_1pct,success_fraction_selected,mean_q_selected,last_batch_best_q,mean_pairwise_batch_distance,fit_seconds,acq_seconds,cum_seconds,status,pool_oracle_best_q,full_grid_best_q,surrogate_rmse_raw,surrogate_mae_raw,surrogate_spearman_raw,surrogate_crps,surrogate_nll,surrogate_coverage95,surrogate_mean_sd,n_acq_candidates,n_trustworthy_candidates,n_suspicious_candidates,selected_trustworthy,selected_suspicious,requested_trustworthy,requested_suspicious,gate_fallback,fallback_slots,selected_suspicious_fraction
GP_Matern52_PI,gp_m52_pi,Acquisition Ablation,0,0,5,150,0,3,3,0.0,2370341,247107.0,1.0,93.70319341923158,0.0,0.0,0.0,0.0,0.0,1.0123451313576954,0.0,0.0,0.0,initial,247107.0,247107.0,,,,,,,,0,,,0,3,,,False,,1.0
GP_Matern52_PI,gp_m52_pi,Acquisition Ablation,0,1,5,150,0,8,5,45710.0,1041565,201397.0,0.8150194045494462,99.1430826732962,1.0,0.0,0.125,5713.75,45710.0,1.0244301206542628,0.00010150000161956996,0.01033958300104132,0.01044108300266089,constant_target_fallback,247107.0,247107.0,8794.15225607335,1574.217,0.0,0.8138185086950146,3.9690805000534337,0.9332,1.0,15000,3347.0,11653.0,2,3,,,False,,0.6
GP_Matern52_PI,gp_m52_pi,Acquisition Ablation,0,2,5,150,0,13,5,65281.0,871546,181826.0,0.7358188962676088,99.64885435126234,1.0,0.0,0.46153846153846156,20813.923076923078,65281.0,0.37172356385225963,0.016538583000510698,0.009812750002311077,0.036792416005482664,ok,247107.0,247107.0,10510.737809834724,3285.5524311535796,0.3481575328432913,1.819807348767927,4.898176703900038,0.8036,1.6373739811896089,15000,3369.0,11631.0,5,0,,,False,,0.0
GP_Matern52_PI,gp_m52_pi,Acquisition Ablation,0,3,5,150,0,18,5,113242.0,793496,133865.0,0.5417288866766219,99.95487752189251,1.0,1.0,0.5555555555555556,38858.61111111111,113242.0,0.3678003354209559,0.01402258400048595,0.009421416001714533,0.06023641600768315,ok,247107.0,247107.0,11378.34667450104,3453.1332765560733,0.3491229692638747,1.9469794125624444,5.943549157447333,0.787,1.679675190887379,15000,3358.0,11642.0,5,0,,,False,,0.0
GP_Matern52_PI,gp_m52_pi,Acquisition Ablation,0,4,5,150,0,23,5,145900.0,785458,101207.0,0.4095675152869,99.99087060649987,1.0,1.0,0.6521739130434783,45783.95652173913,145900.0,0.32184084827134146,0.015277791000698926,0.013367792002100032,0.0888819990104821,ok,247107.0,247107.0,9351.157120148597,1755.1105592312813,0.4087717577444689,1.317149692698487,2.970586400818029,0.922,2.8731669935096975,15000,3346.0,11654.0,5,0,,,False,,0.0
GP_Matern52_PI,gp_m52_pi,Acquisition Ablation,0,5,5,150,0,28,5,145900.0,785458,101207.0,0.4095675152869,99.99087060649987,1.0,1.0,0.6071428571428571,42111.42857142857,122848.0,0.2110686069791011,0.023139125001762295,0.02010554200023762,0.13212666601248202,ok,247107.0,247107.0,7608.198743547178,1431.5945569719604,0.41368722719080264,1.3171106810854225,2.749628713774699,0.9408,3.007351984789099,15000,3342.0,11658.0,5,0,,,False,,0.0
GP_Matern52_PI,gp_m52_pi,Acquisition Ablation,0,6,5,150,0,33,5,146467.0,871632,100640.0,0.40727296272464963,99.99111646090292,1.0,1.0,0.6666666666666666,47944.606060606064,146467.0,0.5564253228016838,0.027787415998318465,0.013837999998941086,0.17375208200974157,ok,247107.0,247107.0,11063.082379778789,1745.7378011413566,0.40810536391191027,2.9061961563909144,3.0338102601020087,0.9978,6.129760284770471,15000,3397.0,11603.0,5,0,,,False,,0.0
GP_Matern52_PI,gp_m52_pi,Acquisition Ablation,0,7,5,150,0,38,5,146467.0,871632,100640.0,0.40727296272464963,99.99111646090292,1.0,1.0,0.7105263157894737,51124.36842105263,91448.0,0.4092311028282813,0.05313920799744665,0.028954124998563202,0.2558454150057514,ok,247107.0,247107.0,12863.59593934792,2812.9789957343983,0.18133253727348161,3.073293201404408,4.292466906054027,0.9626,5.301935906019014,15000,3272.0,11728.0,5,0,,,False,,0.0
GP_Matern52_PI,gp_m52_pi,Acquisition Ablation,0,8,5,150,0,43,5,146467.0,871632,100640.0,0.40727296272464963,99.99111646090292,1.0,1.0,0.7441860465116279,54731.6976744186,105567.0,0.5240699984317632,0.03470129199922667,0.018705874997976935,0.309252582002955,ok,247107.0,247107.0,6207.1777686159985,1361.826468741335,0.41051917356118434,2.6791145581736173,3.042073586670481,0.993,7.069331044301888,15000,3411.0,11589.0,5,0,,,False,,0.0
GP_Matern52_PI,gp_m52_pi,Acquisition Ablation,0,9,5,150,0,48,5,146467.0,871632,100640.0,0.40727296272464963,99.99111646090292,1.0,1.0,0.6875,51302.8125,109072.0,0.4559404517118101,0.06628429099873756,0.018146292000892572,0.39368316500258516,ok,247107.0,247107.0,10800.792104966253,2915.213807253994,0.18515868733486054,3.19844688261779,4.516230639907939,0.9588,5.512060132864943,15000,3363.0,11637.0,2,3,,,False,,0.6
GP_Matern52_PI,gp_m52_pi,Acquisition Ablation,0,10,5,150,0,53,5,146467.0,871632,100640.0,0.40727296272464963,99.99111646090292,1.0,1.0,0.7169811320754716,52456.301886792455,101978.0,0.5170965623016124,0.06833299999925657,0.020367291999718873,0.4823834570015606,ok,247107.0,247107.0,5479.467597080872,1099.970028715802,0.3763897158822756,2.301017783042609,2.927854311021468,0.9898,6.436656346165683,15000,3363.0,11637.0,5,0,,,False,,0.0
GP_Matern52_PI,gp_m52_pi,Acquisition Ablation,0,11,5,150,0,58,5,146467.0,871632,100640.0,0.40727296272464963,99.99111646090292,1.0,1.0,0.7413793103448276,54437.93103448276,119832.0,0.5847573630207697,0.0543707920005545,0.019023041997570544,0.5557772909996856,ok,247107.0,247107.0,5194.065592354151,1043.2041511161895,0.38043793947556476,2.241906575456049,2.9205701152495154,0.9876,6.422249161622558,15000,3340.0,11660.0,5,0,,,False,,0.0
GP_Matern52_PI,gp_m52_pi,Acquisition Ablation,0,12,5,150,0,63,5,146467.0,871632,100640.0,0.40727296272464963,99.99111646090292,1.0,1.0,0.7142857142857143,51100.69841269841,37147.0,1.212783600715978,0.07674208400203497,0.022972749997279607,0.6554921249990002,ok,247107.0,247107.0,5444.3580922954825,1130.5541414657569,0.3794077413171631,2.2265364610315177,2.928976870424502,0.985,6.430037809715649,15000,3362.0,11638.0,2,3,,,False,,0.6
GP_Matern52_PI,gp_m52_pi,Acquisition Ablation,0,13,5,150,0,68,5,146467.0,871632,100640.0,0.40727296272464963,99.99111646090292,1.0,1.0,0.6617647058823529,47343.294117647056,0.0,0.5950429653267048,0.09042104200125323,0.02683041600175784,0.7727435830020113,ok,247107.0,247107.0,5226.786860179292,979.1678210980233,0.40819149988017445,1.933918505937975,2.8231751600730126,0.9844,5.881854502574936,15000,3456.0,11544.0,1,4,,,False,,0.8
GP_Matern52_PI,gp_m52_pi,Acquisition Ablation,0,14,5,150,0,73,5,146467.0,871632,100640.0,0.40727296272464963,99.99111646090292,1.0,1.0,0.684931506849315,48248.71232876712,107473.0,0.31307864063250646,0.10586979199797497,0.02472512500025914,0.9033385000002454,ok,247107.0,247107.0,5179.258586502139,971.1624241320318,0.41704741221876773,1.7595001436342066,2.747841804091087,0.9838,5.420810890303695,15000,3332.0,11668.0,5,0,,,False,,0.0
GP_Matern52_PI,gp_m52_pi,Acquisition Ablation,0,15,5,150,0,78,5,146467.0,871632,100640.0,0.40727296272464963,99.99111646090292,1.0,1.0,0.7051282051282052,47795.94871794872,98223.0,0.51618446338106,0.12622545900012483,0.022173541998199653,1.0517375009985699,ok,247107.0,247107.0,5095.4441818462365,937.7736119357035,0.4188969614599173,1.7224058937693487,2.7352904245007834,0.981,5.322557843249737,15000,3284.0,11716.0,5,0,,,False,,0.0
GP_Matern52_PI,gp_m52_pi,Acquisition Ablation,0,16,5,150,0,83,5,146467.0,871632,100640.0,0.40727296272464963,99.99111646090292,1.0,1.0,0.6746987951807228,46191.73493975904,105830.0,0.9766394999285465,0.15194104100010009,0.02597412499744678,1.2296526669961167,ok,247107.0,247107.0,5119.662589483016,945.2218887338285,0.41874141674801457,1.7082636824778008,2.7291015944020436,0.98,5.219597771212715,15000,3400.0,11600.0,2,3,,,False,,0.6
GP_Matern52_PI,gp_m52_pi,Acquisition Ablation,0,17,5,150,0,88,5,146467.0,871632,100640.0,0.40727296272464963,99.99111646090292,1.0,1.0,0.6931818181818182,46601.681818181816,113633.0,0.4783105252751059,0.1138278749967867,0.025338417002785718,1.3688189589956892,ok,247107.0,247107.0,5136.669820902782,948.5225225901786,0.41921994766225046,1.6600174164560506,2.691330156252499,0.9794,4.973461921601485,15000,3404.0,11596.0,5,0,,,False,,0.0
GP_Matern52_PI,gp_m52_pi,Acquisition Ablation,0,18,5,150,0,93,5,146467.0,871632,100640.0,0.40727296272464963,99.99111646090292,1.0,1.0,0.6666666666666666,44656.55913978495,52112.0,0.595052505306924,0.1430387079999491,0.023468416999094188,1.5353260839947325,ok,247107.0,247107.0,5083.4188020024585,943.6225044175446,0.418420146388809,1.6842023066162437,2.7244044259464797,0.9712,4.833417071677699,15000,3303.0,11697.0,1,4,,,False,,0.8
GP_Matern52_PI,gp_m52_pi,Acquisition Ablation,0,19,5,150,0,98,5,146467.0,871632,100640.0,0.40727296272464963,99.99111646090292,1.0,1.0,0.6326530612244898,42378.163265306124,0.0,0.5616843773316623,0.16113204100111034,0.0242225830006646,1.7206807079965074,ok,247107.0,247107.0,5102.559765768654,952.717533517223,0.41838568412710203,1.6136999096387425,2.719205293547357,0.9664,4.574150688569127,15000,3366.0,11634.0,0,5,,,False,,1.0
GP_Matern52_PI,gp_m52_pi,Acquisition Ablation,0,20,5,150,0,103,5,146467.0,871632,100640.0,0.40727296272464963,99.99111646090292,1.0,1.0,0.6504854368932039,44439.36893203884,123017.0,0.4488336706468298,0.08516854199842783,0.02832266699988395,1.8341719169948192,ok,247107.0,247107.0,5122.904397193391,958.2371324325298,0.4186921270996224,1.5253808102417798,2.67225350825938,0.9656,4.298343112209723,15000,3397.0,11603.0,5,0,,,False,,0.0
GP_Matern52_PI,gp_m52_pi,Acquisition Ablation,0,21,5,150,0,108,5,146467.0,871632,100640.0,0.40727296272464963,99.99111646090292,1.0,1.0,0.6666666666666666,47333.31481481482,117655.0,0.3239327099864012,0.12436495799920522,0.02687379200142459,1.985410666995449,ok,247107.0,247107.0,4998.200102055139,952.4931245071757,0.4190300452739986,1.5125336115074783,2.6907792288102503,0.964,4.276660245482799,15000,3318.0,11682.0,5,0,,,False,,0.0
GP_Matern52_PI,gp_m52_pi,Acquisition Ablation,0,22,5,150,0,113,5,146467.0,871632,100640.0,0.40727296272464963,99.99111646090292,1.0,1.0,0.6460176991150443,46067.03539823009,93577.0,0.6402704634026395,0.2128290830005426,0.03218454199668486,2.2304242919926764,ok,247107.0,247107.0,4926.1181300840535,926.0549132115412,0.4198136804016317,1.5142339787409336,2.7145139236678557,0.9608,4.288320345170349,15000,3386.0,11614.0,3,2,,,False,,0.4
GP_Matern52_PI,gp_m52_pi,Acquisition Ablation,0,23,5,150,0,118,5,218507.0,690183,28600.0,0.11573933559146443,99.99947551060681,1.0,1.0,0.6610169491525424,49084.16949152543,218507.0,0.38209596343860025,0.18178954199902364,0.031582958003127715,2.443796791994828,ok,247107.0,247107.0,6527.826060311928,1226.281163034956,0.3782995672883548,2.0471035174576833,2.8532199760883294,0.967,4.886115291907558,15000,3325.0,11675.0,5,0,,,False,,0.0
GP_Matern52_PI,gp_m52_pi,Acquisition Ablation,0,24,5,150,0,123,5,218507.0,690183,28600.0,0.11573933559146443,99.99947551060681,1.0,1.0,0.6666666666666666,48659.37398373984,90581.0,0.5947613307880244,0.2021070000009786,0.031124875000386965,2.6770286669961934,ok,247107.0,247107.0,5591.143409922703,1164.673317035215,0.3657594130227046,2.003459432506895,2.8597395330923443,0.9608,4.716077341456055,15000,3417.0,11583.0,4,1,,,False,,0.2
GP_Matern52_PI,gp_m52_pi,Acquisition Ablation,0,25,5,150,0,128,5,218507.0,690183,28600.0,0.11573933559146443,99.99947551060681,1.0,1.0,0.6796875,48804.6953125,94059.0,0.31576229584481674,0.22330429099747562,0.032144791999598965,2.932477749993268,ok,247107.0,247107.0,5262.660823577942,1089.0183580261846,0.4070073090432699,2.1607774071390717,2.7914598612007393,0.972,4.526465387533739,15000,3291.0,11709.0,5,0,,,False,,0.0
GP_Matern52_PI,gp_m52_pi,Acquisition Ablation,0,26,5,150,0,133,5,218507.0,690183,28600.0,0.11573933559146443,99.99947551060681,1.0,1.0,0.6917293233082706,48866.827067669175,115967.0,0.47051846742019565,0.3778317500000412,0.035464708002109546,3.3457742079954187,ok,247107.0,247107.0,4925.117328142465,986.4872758317115,0.3874304358632781,1.815919996486538,2.8740529514289985,0.9616,4.719303750586629,15000,3366.0,11634.0,5,0,,,False,,0.0
GP_Matern52_PI,gp_m52_pi,Acquisition Ablation,0,27,5,150,0,138,5,218507.0,690183,28600.0,0.11573933559146443,99.99947551060681,1.0,1.0,0.6811594202898551,48681.362318840576,109632.0,0.8926245647255202,0.28748183299831,0.040333375000045635,3.6735894159937743,ok,247107.0,247107.0,4918.261069220449,975.02979193254,0.3908764235837916,1.75323699647668,2.866239446288733,0.9594,4.651454951741852,15000,3283.0,11717.0,3,2,,,False,,0.4
GP_Matern52_PI,gp_m52_pi,Acquisition Ablation,0,28,5,150,0,143,5,218507.0,690183,28600.0,0.11573933559146443,99.99947551060681,1.0,1.0,0.6923076923076923,50151.55244755245,128821.0,0.389470281444279,0.2929141669992532,0.04020837500138441,4.006711957994412,ok,247107.0,247107.0,4750.692297204311,917.4943132328417,0.4180058562819299,1.4549943534557441,2.72157635722592,0.9628,4.256638667031992,15000,3320.0,11680.0,5,0,,,False,,0.0
GP_Matern52_PI,gp_m52_pi,Acquisition Ablation,0,29,5,150,0,148,5,218507.0,690183,28600.0,0.11573933559146443,99.99947551060681,1.0,1.0,0.6824324324324325,50208.37162162162,140057.0,0.9079265117753843,0.4483902920001128,0.039146000002801884,4.494248249997327,ok,247107.0,247107.0,4948.818388822755,962.4262517963584,0.4037140818238211,1.5373995706385326,2.836831854511224,0.9602,4.540152622099643,15000,3388.0,11612.0,3,2,,,False,,0.4
GP_Matern52_PI,gp_m52_pi,Acquisition Ablation,0,30,5,150,0,150,2,218507.0,690183,28600.0,0.11573933559146443,99.99947551060681,1.0,1.0,0.6866666666666666,50689.09333333333,168681.0,0.4040568436152546,0.4258424589970673,0.0338951250014361,4.95398583399583,ok,247107.0,247107.0,6252.997768534635,1159.110086447267,0.413254782818155,1.5589375668800176,2.7170588695356344,0.9714,4.573511508324419,15000,3338.0,11662.0,2,0,,,False,,0.0
GP_Matern52_PI,gp_m52_pi,Acquisition Ablation,1,0,5,150,0,3,3,0.0,6047398,247107.0,1.0,93.70319341923158,0.0,0.0,0.0,0.0,0.0,1.0430113993225636,0.0,0.0,0.0,initial,247107.0,247107.0,,,,,,,,0,,,1,2,,,False,,0.6666666666666666
GP_Matern52_PI,gp_m52_pi,Acquisition Ablation,1,1,5,150,0,8,5,0.0,6047398,247107.0,1.0,93.70319341923158,0.0,0.0,0.0,0.0,0.0,0.8144655897070585,7.058399933157489e-05,0.007511833002354251,0.007582417001685826,constant_target_fallback,247107.0,247107.0,7917.9183090633105,1413.8866,0.0,0.7939908874887035,3.8456615956198963,0.935,1.0,15000,3400.0,11600.0,1,4,,,False,,0.8
GP_Matern52_PI,gp_m52_pi,Acquisition Ablation,1,2,5,150,0,13,5,0.0,6047398,247107.0,1.0,93.70319341923158,0.0,0.0,0.0,0.0,0.0,0.8426081566467625,5.9458001487655565e-05,0.01030529200215824,0.01794716700533172,constant_target_fallback,247107.0,247107.0,7917.9183090633105,1413.8866,0.0,0.7939908874887035,3.8456615956198963,0.935,1.0,15000,3414.0,11586.0,2,3,,,False,,0.6
GP_Matern52_PI,gp_m52_pi,Acquisition Ablation,1,3,5,150,0,18,5,0.0,6047398,247107.0,1.0,93.70319341923158,0.0,0.0,0.0,0.0,0.0,0.9923745909438264,6.608300100197084e-05,0.008934582998335827,0.02694783300466952,constant_target_fallback,247107.0,247107.0,7917.9183090633105,1413.8866,0.0,0.7939908874887035,3.8456615956198963,0.935,1.0,15000,3396.0,11604.0,0,5,,,False,,1.0
GP_Matern52_PI,gp_m52_pi,Acquisition Ablation,1,4,5,150,0,23,5,1270.0,2010331,245837.0,0.9948605260069524,93.85083718341328,0.0,0.0,0.043478260869565216,55.21739130434783,1270.0,0.9347573518138882,6.395799937308766e-05,0.008643540997582022,0.03565533200162463,constant_target_fallback,247107.0,247107.0,7917.9183090633105,1413.8866,0.0,0.7939908874887035,3.8456615956198963,0.935,1.0,15000,3383.0,11617.0,1,4,,,False,,0.8
GP_Matern52_PI,gp_m52_pi,Acquisition Ablation,1,5,5,150,0,28,5,1270.0,2010331,245837.0,0.9948605260069524,93.85083718341328,0.0,0.0,0.03571428571428571,45.357142857142854,0.0,0.6235306559495525,0.009393167001690017,0.02225512500081095,0.0673036240041256,ok,247107.0,247107.0,7916.08282514429,1452.0516540959188,0.024952180998970737,0.9587957010741004,206.32881558297282,0.9022,0.6988340268394583,15000,3278.0,11722.0,3,2,,,False,,0.4
GP_Matern52_PI,gp_m52_pi,Acquisition Ablation,1,6,5,150,0,33,5,11920.0,1822531,235187.0,0.9517617874038372,96.81430059667224,0.0,0.0,0.09090909090909091,577.7878787878788,11920.0,0.6163414591022408,0.03634129099737038,0.021278332998917904,0.12492324800041388,ok,247107.0,247107.0,7917.6598660470545,1414.3720655824404,0.06974064205528156,0.8589978524934632,3.0727436356921425,0.93,1.2976511585898942,15000,3329.0,11671.0,2,3,,,False,,0.6
GP_Matern52_PI,gp_m52_pi,Acquisition Ablation,1,7,5,150,0,38,5,11920.0,1822531,235187.0,0.9517617874038372,96.81430059667224,0.0,0.0,0.10526315789473684,641.6052631578947,5314.0,1.4210544238039737,0.010503125002287561,0.015875958000833634,0.15130233100353507,ok,247107.0,247107.0,7917.71359260439,1414.8843891827823,0.044828399863767396,1.0936347349255149,2.2727629070051654,0.935,2.4324034126771874,15000,3416.0,11584.0,1,4,,,False,,0.8
GP_Matern52_PI,gp_m52_pi,Acquisition Ablation,1,8,5,150,0,43,5,12944.0,1899685,234163.0,0.9476178335700729,96.97928529141613,0.0,0.0,0.20930232558139536,1444.1860465116279,12944.0,0.5835398822211018,0.03662704099770053,0.018497249999199994,0.2064266220004356,ok,247107.0,247107.0,7876.758114976774,1380.6920176043052,0.3327258880776468,0.8189102997681315,2.4545216768551583,0.919,1.4569715568741002,15000,3296.0,11704.0,5,0,,,False,,0.0
GP_Matern52_PI,gp_m52_pi,Acquisition Ablation,1,9,5,150,0,48,5,19435.0,1986666,227672.0,0.9213498605867094,97.76987110017551,0.0,0.0,0.2916666666666667,2992.6041666666665,19435.0,0.43178058306611156,0.04011645900027361,0.018785666001349455,0.26532874700205866,ok,247107.0,247107.0,7859.816941581515,1369.5009840754312,0.3330052383551806,0.8951842169432587,2.4457632648951737,0.918,1.6682745857410954,15000,3268.0,11732.0,5,0,,,False,,0.0
GP_Matern52_PI,gp_m52_pi,Acquisition Ablation,1,10,5,150,0,53,5,26671.0,1819338,220436.0,0.8920669993160858,98.28918116060325,0.0,0.0,0.3584905660377358,4369.509433962264,26671.0,0.5058869410589898,0.025583540998923127,0.019791250000707805,0.3107035380016896,ok,247107.0,247107.0,7770.6549119864785,1471.3493573278677,0.34406337371181994,1.154595127201808,6.865123592140245,0.887,1.682552287185468,15000,3368.0,11632.0,5,0,,,False,,0.0
GP_Matern52_PI,gp_m52_pi,Acquisition Ablation,1,11,5,150,0,58,5,26671.0,1819338,220436.0,0.8920669993160858,98.28918116060325,0.0,0.0,0.41379310344827586,5493.241379310345,20300.0,0.5357726570682158,0.03876720799962641,0.02085429199723876,0.37032503799855476,ok,247107.0,247107.0,7778.763922652221,1335.1688812594075,0.34253033305771435,0.9865647493947166,2.4308500725303293,0.9274,1.9958984905663488,15000,3316.0,11684.0,5,0,,,False,,0.0
GP_Matern52_PI,gp_m52_pi,Acquisition Ablation,1,12,5,150,0,63,5,50500.0,1642693,196607.0,0.7956350892528338,99.32914528552875,1.0,0.0,0.4603174603174603,7628.0,50500.0,0.45672404487583174,0.049493375001475215,0.02230395899823634,0.4421223719982663,ok,247107.0,247107.0,7739.29556596562,1327.2586843359065,0.34558563517724883,1.0007153687389776,2.51118454883512,0.9222,2.0007596222890816,15000,3351.0,11649.0,5,0,,,False,,0.0
GP_Matern52_PI,gp_m52_pi,Acquisition Ablation,1,13,5,150,0,68,5,50500.0,1642693,196607.0,0.7956350892528338,99.32914528552875,1.0,0.0,0.5,9762.176470588236,50468.0,0.37699835048760044,0.04630025000005844,0.02120762499907869,0.5096302469974034,ok,247107.0,247107.0,7338.672982348937,1266.8780554709926,0.37202175643016233,1.0525919807688173,2.45796943756209,0.9344,2.209707685039308,15000,3375.0,11625.0,5,0,,,False,,0.0
GP_Matern52_PI,gp_m52_pi,Acquisition Ablation,1,14,5,150,0,73,5,71327.0,1569635,175780.0,0.7113517625967698,99.71033434231981,1.0,0.0,0.5342465753424658,11772.109589041096,71327.0,0.4281270787490997,0.052048166002350627,0.022121375001006527,0.5837997880007606,ok,247107.0,247107.0,7300.6277611492105,1226.4887132139966,0.36842771425503695,1.035539270718387,2.5042959155830284,0.9198,2.0782426722153318,15000,3401.0,11599.0,5,0,,,False,,0.0
GP_Matern52_PI,gp_m52_pi,Acquisition Ablation,1,15,5,150,0,78,5,71327.0,1569635,175780.0,0.7113517625967698,99.71033434231981,1.0,0.0,0.5641025641025641,13748.73076923077,54783.0,0.578207386263281,0.06896862499706913,0.0246497090010962,0.6774181219989259,ok,247107.0,247107.0,7239.527395476501,1206.613383211853,0.35924400456017286,1.1006709131924028,2.5451596165872843,0.9224,2.2512685515412145,15000,3299.0,11701.0,5,0,,,False,,0.0
GP_Matern52_PI,gp_m52_pi,Acquisition Ablation,1,16,5,150,0,83,5,71327.0,1569635,175780.0,0.7113517625967698,99.71033434231981,1.0,0.0,0.5903614457831325,16026.096385542169,65800.0,0.34964642583597955,0.1029907500014815,0.020311874999606516,0.8007207470000139,ok,247107.0,247107.0,7158.600948445464,1192.38413253346,0.3666346269237654,1.1145453563260883,2.571480979286068,0.9244,2.2711266553177345,15000,3334.0,11666.0,5,0,,,False,,0.0
GP_Matern52_PI,gp_m52_pi,Acquisition Ablation,1,17,5,150,0,88,5,71327.0,1569635,175780.0,0.7113517625967698,99.71033434231981,1.0,0.0,0.6022727272727273,17633.147727272728,71240.0,0.5072658749513912,0.08775287500247941,0.022855833998619346,0.9113294560011127,ok,247107.0,247107.0,7058.680182584185,1171.033920826544,0.3688887170183646,1.1427803554152818,2.6238234222297057,0.924,2.327040708944643,15000,3326.0,11674.0,4,1,,,False,,0.2
GP_Matern52_PI,gp_m52_pi,Acquisition Ablation,1,18,5,150,0,93,5,71327.0,1569635,175780.0,0.7113517625967698,99.71033434231981,1.0,0.0,0.5806451612903226,17283.870967741936,55683.0,0.8096590498955699,0.08967595799913397,0.021864875001483597,1.0228702890017303,ok,247107.0,247107.0,7195.165857410549,1179.901549766771,0.3701670582978309,1.1756277672623472,2.537769132702069,0.9378,2.7476327887266785,15000,3379.0,11621.0,2,3,,,False,,0.6
GP_Matern52_PI,gp_m52_pi,Acquisition Ablation,1,19,5,150,0,98,5,71327.0,1569635,175780.0,0.7113517625967698,99.71033434231981,1.0,0.0,0.6020408163265306,18178.663265306124,69478.0,0.3798649040485175,0.12933104200055823,0.02947774999847752,1.181679081000766,ok,247107.0,247107.0,7195.7793683476,1177.491297065869,0.3798611842166876,1.0932428713428934,2.536020782117466,0.9358,2.6464930359130006,15000,3312.0,11688.0,5,0,,,False,,0.0
GP_Matern52_PI,gp_m52_pi,Acquisition Ablation,1,20,5,150,0,103,5,71327.0,1569635,175780.0,0.7113517625967698,99.71033434231981,1.0,0.0,0.6213592233009708,20186.44660194175,68526.0,0.3083467384522246,0.11121483299939428,0.02505849999943166,1.317952413999592,ok,247107.0,247107.0,7190.570351948144,1163.0372966118143,0.3759027552308299,1.0903831817797522,2.3752138592421685,0.9486,2.8709741378458022,15000,3318.0,11682.0,5,0,,,False,,0.0
GP_Matern52_PI,gp_m52_pi,Acquisition Ablation,1,21,5,150,0,108,5,81410.0,1656045,165697.0,0.6705475765559049,99.78666393932181,1.0,0.0,0.6388888888888888,21657.824074074073,81410.0,0.6118940388964627,0.09626650000063819,0.025665957997262012,1.4398848719974922,ok,247107.0,247107.0,7122.326167464044,1149.4202828983482,0.37839087147404504,1.0970719609463802,2.3893077465319825,0.948,2.910760980392086,15000,3291.0,11709.0,5,0,,,False,,0.0
GP_Matern52_PI,gp_m52_pi,Acquisition Ablation,1,22,5,150,0,113,5,81410.0,1656045,165697.0,0.6705475765559049,99.78666393932181,1.0,0.0,0.6371681415929203,22014.929203539825,50492.0,0.6939267143911779,0.1363047920021927,0.025869083001452964,1.6020587470011378,ok,247107.0,247107.0,7075.010483088031,1139.977205203597,0.3802393863525556,1.098764445559141,2.403967673668701,0.946,2.921098186611137,15000,3279.0,11721.0,3,2,,,False,,0.4
GP_Matern52_PI,gp_m52_pi,Acquisition Ablation,1,23,5,150,0,118,5,81410.0,1656045,165697.0,0.6705475765559049,99.78666393932181,1.0,0.0,0.652542372881356,23267.63559322034,65642.0,0.46121746067509745,0.11903670800165855,0.027926708000450162,1.7490221630032465,ok,247107.0,247107.0,7012.680683007703,1126.3014460422055,0.38287705239515796,1.0898858053817164,2.456785062864986,0.941,2.8476118606317447,15000,3320.0,11680.0,5,0,,,False,,0.0
GP_Matern52_PI,gp_m52_pi,Acquisition Ablation,1,24,5,150,0,123,5,81410.0,1656045,165697.0,0.6705475765559049,99.78666393932181,1.0,0.0,0.6585365853658537,24224.016260162603,69242.0,0.6893314308871084,0.12516995800251607,0.02876091600046493,1.9029530370062275,ok,247107.0,247107.0,6878.846149803922,1103.999152713974,0.3955477140967003,1.080706279537025,2.46256184054921,0.9426,2.842039763251032,15000,3314.0,11686.0,4,1,,,False,,0.2
GP_Matern52_PI,gp_m52_pi,Acquisition Ablation,1,25,5,150,0,128,5,81410.0,1656045,165697.0,0.6705475765559049,99.78666393932181,1.0,0.0,0.65625,24667.1328125,69641.0,0.9835529241067205,0.10738708400094765,0.03328962500017951,2.0436297460073547,ok,247107.0,247107.0,6872.437672881508,1099.14079379431,0.3999538841896468,1.0431114174722345,2.4476317097465587,0.9426,2.804772487151891,15000,3284.0,11716.0,3,2,,,False,,0.4
GP_Matern52_PI,gp_m52_pi,Acquisition Ablation,1,26,5,150,0,133,5,81410.0,1656045,165697.0,0.6705475765559049,99.78666393932181,1.0,0.0,0.6691729323308271,25806.0977443609,73022.0,0.4184396251182466,0.3344164579975768,0.030683959001180483,2.408730163006112,ok,247107.0,247107.0,6874.610814524961,1100.5370216431743,0.40322627472764644,1.0089303117570492,2.443915645311056,0.9402,2.6984923448104854,15000,3350.0,11650.0,5,0,,,False,,0.0
GP_Matern52_PI,gp_m52_pi,Acquisition Ablation,1,27,5,150,0,138,5,81410.0,1656045,165697.0,0.6705475765559049,99.78666393932181,1.0,0.0,0.6811594202898551,26695.956521739132,80110.0,0.3215588962602663,0.449479999999312,0.03137508299914771,2.8895852460045717,ok,247107.0,247107.0,6749.735776277975,1071.9251155353402,0.4089622250745287,1.0061527783054753,2.448088921669606,0.9432,2.7321545482008083,15000,3368.0,11632.0,5,0,,,False,,0.0
GP_Matern52_PI,gp_m52_pi,Acquisition Ablation,1,28,5,150,0,143,5,145018.0,1121335,102089.0,0.4131368192726228,99.990264165639,1.0,1.0,0.6923076923076923,28647.18181818182,145018.0,0.2449518589848664,0.3096196670012432,0.03214658399883774,3.2313514970046526,ok,247107.0,247107.0,6747.440312579723,1068.0430767981202,0.40833999098549334,1.0052529302350892,2.4854534703344706,0.941,2.7062128488953303,15000,3479.0,11521.0,5,0,,,False,,0.0
GP_Matern52_PI,gp_m52_pi,Acquisition Ablation,1,29,5,150,0,148,5,150909.0,1035389,96198.0,0.38929694423873057,99.99229656203758,1.0,1.0,0.7027027027027027,30905.202702702703,150909.0,0.6478089048864764,0.21073054100270383,0.033498208002129104,3.4755802460094856,ok,247107.0,247107.0,5913.668239978078,922.246194251436,0.4160971436189145,0.999201669951398,2.505683629247637,0.9496,2.78329957664298,15000,3353.0,11647.0,5,0,,,False,,0.0
GP_Matern52_PI,gp_m52_pi,Acquisition Ablation,1,30,5,150,0,150,2,150909.0,1035389,96198.0,0.38929694423873057,99.99229656203758,1.0,1.0,0.7066666666666667,32025.226666666666,115714.0,0.2603089913450104,0.4146686249987397,0.029069167001580354,3.9193180380098056,ok,247107.0,247107.0,5951.8309116282035,953.3565746461439,0.417138574257252,1.0011343198978102,2.4765911345164406,0.9472,2.7992526527480184,15000,3382.0,11618.0,2,0,,,False,,0.0
GP_Matern52_PI,gp_m52_pi,Acquisition Ablation,2,0,5,150,0,3,3,0.0,2729609,247107.0,1.0,93.70319341923158,0.0,0.0,0.0,0.0,0.0,0.47049671902245843,0.0,0.0,0.0,initial,247107.0,247107.0,,,,,,,,0,,,0,3,,,False,,1.0
GP_Matern52_PI,gp_m52_pi,Acquisition Ablation,2,1,5,150,0,8,5,17589.0,1471759,229518.0,0.9288203086112494,97.57458075268161,0.0,0.0,0.125,2198.625,17589.0,1.1237339199544876,6.729200322297402e-05,0.011148875000799308,0.011216167004022282,constant_target_fallback,247107.0,247107.0,7992.336081909969,1363.7274,0.0,0.8102606103318564,3.884107341202348,0.9316,1.0,15000,3295.0,11705.0,2,3,,,False,,0.6
GP_Matern52_PI,gp_m52_pi,Acquisition Ablation,2,2,5,150,0,13,5,17589.0,1471759,229518.0,0.9288203086112494,97.57458075268161,0.0,0.0,0.15384615384615385,1583.5384615384614,2997.0,0.5540735955465906,0.01558291699984693,0.012308625002333429,0.03910770900620264,ok,247107.0,247107.0,9071.56814416923,2683.061795921886,0.0142738497770888,2.3926834321658736,53.03578952648891,0.7162,1.751744841201201,15000,3412.0,11588.0,2,3,,,False,,0.6
GP_Matern52_PI,gp_m52_pi,Acquisition Ablation,2,3,5,150,0,18,5,65510.0,1035121,181597.0,0.7348921722168938,99.6515751399895,1.0,0.0,0.2222222222222222,6488.833333333333,65510.0,0.4026137871472696,0.01372362500114832,0.012783416997990571,0.06561475100534153,ok,247107.0,247107.0,8675.475831351601,2049.726338693145,-0.025525598001258133,1.4517355830040726,36.77299684157133,0.8854,1.8344056571385765,15000,3327.0,11673.0,3,2,,,False,,0.4
GP_Matern52_PI,gp_m52_pi,Acquisition Ablation,2,4,5,150,0,23,5,65510.0,1035121,181597.0,0.7348921722168938,99.6515751399895,1.0,0.0,0.2608695652173913,6939.826086956522,31909.0,0.3765867326489712,0.02578620799977216,0.011648292002064409,0.1030492510071781,ok,247107.0,247107.0,8012.673929387186,1399.2087070161622,-0.005931971476844559,1.5818883880123837,2.7475095261642264,0.9514,3.3677827605797974,15000,3318.0,11682.0,2,3,,,False,,0.6
GP_Matern52_PI,gp_m52_pi,Acquisition Ablation,2,5,5,150,0,28,5,65510.0,1035121,181597.0,0.7348921722168938,99.6515751399895,1.0,0.0,0.39285714285714285,10479.5,40939.0,0.36527717420543776,0.01840045800054213,0.016003000000637257,0.1374527090083575,ok,247107.0,247107.0,7944.683320381551,1368.2881470804423,-0.016126464624214538,1.7188402655928905,2.559961513574448,0.9652,3.503949838277485,15000,3366.0,11634.0,5,0,,,False,,0.0
GP_Matern52_PI,gp_m52_pi,Acquisition Ablation,2,6,5,150,0,33,5,113396.0,949464,133711.0,0.5411056748695909,99.95525449864387,1.0,1.0,0.42424242424242425,17531.21212121212,113396.0,0.4899182964392773,0.0481682500030729,0.016907291999814333,0.20252825101124472,ok,247107.0,247107.0,6729.114528039284,1233.9772930379836,0.2909674878686958,1.518465364752678,3.209197131319563,0.9234,3.0786146860965835,15000,3350.0,11650.0,3,2,,,False,,0.4
GP_Matern52_PI,gp_m52_pi,Acquisition Ablation,2,7,5,150,0,38,5,113396.0,949464,133711.0,0.5411056748695909,99.95525449864387,1.0,1.0,0.5,25285.684210526317,107543.0,0.499031269019701,0.04864883300251677,0.017557791998115135,0.2687348760118766,ok,247107.0,247107.0,11940.645584070175,1612.6833129360627,0.25474144562446854,1.6655264136663988,2.6089047725074703,0.9794,4.026333585839841,15000,3339.0,11661.0,5,0,,,False,,0.0
GP_Matern52_PI,gp_m52_pi,Acquisition Ablation,2,8,5,150,0,43,5,113396.0,949464,133711.0,0.5411056748695909,99.95525449864387,1.0,1.0,0.5581395348837209,29600.79069767442,96410.0,0.4957409997671506,0.04393954199986183,0.0190417920020991,0.33171621001383755,ok,247107.0,247107.0,7023.929320996526,1194.9529862639401,0.2688814481181173,1.8141657557160655,2.6716099608057804,0.9826,4.287063825525748,15000,3336.0,11664.0,5,0,,,False,,0.0
GP_Matern52_PI,gp_m52_pi,Acquisition Ablation,2,9,5,150,0,48,5,113396.0,949464,133711.0,0.5411056748695909,99.95525449864387,1.0,1.0,0.6041666666666666,36594.479166666664,109841.0,0.3774414267974018,0.0616917920015112,0.023040749998472165,0.4164487520138209,ok,247107.0,247107.0,6746.249438980935,1163.3187794362766,0.24210113467264902,1.8759818096009977,2.7217345797466312,0.977,4.391676910754211,15000,3339.0,11661.0,5,0,,,False,,0.0
GP_Matern52_PI,gp_m52_pi,Acquisition Ablation,2,10,5,150,0,53,5,113396.0,949464,133711.0,0.5411056748695909,99.95525449864387,1.0,1.0,0.6415094339622641,38186.41509433962,100286.0,0.49828273182756355,0.05317529100284446,0.018398416999843903,0.4880224600165093,ok,247107.0,247107.0,6667.811537566609,1161.2360494917025,0.22848116565102525,1.9382651521404493,2.7738040159490045,0.9746,4.533029780888936,15000,3324.0,11676.0,5,0,,,False,,0.0
GP_Matern52_PI,gp_m52_pi,Acquisition Ablation,2,11,5,150,0,58,5,120556.0,1122851,126551.0,0.5121303726725669,99.97075971632992,1.0,1.0,0.6724137931034483,42729.879310344826,120556.0,0.39524176731033933,0.038556916999368696,0.018227458000183105,0.5448068350160611,ok,247107.0,247107.0,6439.346398570543,1138.6476294653266,0.22161052765299316,2.0492645378447394,2.8980953917488472,0.9752,4.674976340319053,15000,3210.0,11790.0,5,0,,,False,,0.0
GP_Matern52_PI,gp_m52_pi,Acquisition Ablation,2,12,5,150,0,63,5,120556.0,1122851,126551.0,0.5121303726725669,99.97075971632992,1.0,1.0,0.6190476190476191,39338.619047619046,0.0,0.47701899190398,0.04674475000138045,0.022064374999899883,0.6136159600173414,ok,247107.0,247107.0,6312.3819690825985,1115.0929083457377,0.25016020210044004,2.0189290252325276,2.8683217457655448,0.9754,4.765506226277473,15000,3352.0,11648.0,0,5,,,False,,1.0
GP_Matern52_PI,gp_m52_pi,Acquisition Ablation,2,13,5,150,0,68,5,120556.0,1122851,126551.0,0.5121303726725669,99.97075971632992,1.0,1.0,0.5735294117647058,36446.07352941176,0.0,0.5164320399966472,0.04666999999972177,0.0252439170035359,0.6855298770205991,ok,247107.0,247107.0,6322.579406672712,1060.3232611311537,0.2867169821468661,1.765621436867978,2.784243989841907,0.9748,4.397538991407068,15000,3414.0,11586.0,4,1,,,False,,0.2
GP_Matern52_PI,gp_m52_pi,Acquisition Ablation,2,14,5,150,0,73,5,120556.0,1122851,126551.0,0.5121303726725669,99.97075971632992,1.0,1.0,0.6027397260273972,37822.356164383564,70961.0,0.4528408977526787,0.07400037499974133,0.02338570799838635,0.7829159600187268,ok,247107.0,247107.0,6333.562467428268,1051.2400388382976,0.3026163885781335,1.6345748874627852,2.729995979694743,0.9734,4.083221017344815,15000,3320.0,11680.0,5,0,,,False,,0.0
GP_Matern52_PI,gp_m52_pi,Acquisition Ablation,2,15,5,150,0,78,5,120556.0,1122851,126551.0,0.5121303726725669,99.97075971632992,1.0,1.0,0.6025641025641025,38997.6282051282,112419.0,1.1441536792518734,0.132343375000346,0.023563374998047948,0.9388227100171207,ok,247107.0,247107.0,6362.395163178992,1058.5789934985366,0.3003124569634776,1.639701040915777,2.726405049612245,0.9712,4.148279228673217,15000,3399.0,11601.0,4,1,,,False,,0.2
GP_Matern52_PI,gp_m52_pi,Acquisition Ablation,2,16,5,150,0,83,5,151964.0,1036145,95143.0,0.38502753867757694,99.9927882708437,1.0,1.0,0.6265060240963856,43557.75903614458,151964.0,0.3229548484966772,0.12132683299932978,0.02032054200026323,1.0804700850167137,ok,247107.0,247107.0,6354.758146583628,1044.6888942133467,0.32085124286681227,1.502664587524343,2.6877511925763726,0.9688,4.049473086585502,15000,3410.0,11590.0,5,0,,,False,,0.0
GP_Matern52_PI,gp_m52_pi,Acquisition Ablation,2,17,5,150,0,88,5,151964.0,1036145,95143.0,0.38502753867757694,99.9927882708437,1.0,1.0,0.5909090909090909,41082.88636363636,0.0,1.1866142148522223,0.13047433300016564,0.022739833999366965,1.2336842520162463,ok,247107.0,247107.0,6381.909944876231,1049.0942053822737,0.3198784735590724,1.5092902773611505,2.702900154833184,0.9674,4.108718683726476,15000,3321.0,11679.0,0,5,,,False,,1.0
GP_Matern52_PI,gp_m52_pi,Acquisition Ablation,2,18,5,150,0,93,5,151964.0,1036145,95143.0,0.38502753867757694,99.9927882708437,1.0,1.0,0.5591397849462365,38874.12903225807,0.0,0.43644754329224983,0.15473566700165975,0.022476792000816204,1.4108967110187223,ok,247107.0,247107.0,6396.285378905487,1045.2865993244768,0.3404161285387452,1.3177926915215257,2.617990269169043,0.9646,3.7959392453573395,15000,3360.0,11640.0,0,5,,,False,,1.0
GP_Matern52_PI,gp_m52_pi,Acquisition Ablation,2,19,5,150,0,98,5,151964.0,1036145,95143.0,0.38502753867757694,99.9927882708437,1.0,1.0,0.5510204081632653,39095.897959183676,109648.0,1.2385806209636345,0.11595795800167252,0.0262448339999537,1.5530995030203485,ok,247107.0,247107.0,6398.604733887553,1044.1821146945895,0.353908635991863,1.2122680814363178,2.56131860312871,0.9622,3.5333959350021766,15000,3240.0,11760.0,2,3,,,False,,0.6
GP_Matern52_PI,gp_m52_pi,Acquisition Ablation,2,20,5,150,0,103,5,151964.0,1036145,95143.0,0.38502753867757694,99.9927882708437,1.0,1.0,0.5631067961165048,39332.23300970874,62861.0,0.7783366649606502,0.13278204100060975,0.026428707999002654,1.712310252019961,ok,247107.0,247107.0,6390.754068320531,1041.4551462283746,0.3602441116990188,1.1681489620288354,2.5425286117615085,0.9612,3.4187293767223768,15000,3258.0,11742.0,4,1,,,False,,0.2
GP_Matern52_PI,gp_m52_pi,Acquisition Ablation,2,21,5,150,0,108,5,151964.0,1036145,95143.0,0.38502753867757694,99.9927882708437,1.0,1.0,0.5833333333333334,41014.98148148148,147117.0,0.5392044935515704,0.10517041700222762,0.026703874998929678,1.8441845440211182,ok,247107.0,247107.0,6346.85663674327,1035.1992194878712,0.3714236392706512,1.1396548007398168,2.534190398334232,0.9618,3.3764814590761687,15000,3362.0,11638.0,5,0,,,False,,0.0
GP_Matern52_PI,gp_m52_pi,Acquisition Ablation,2,22,5,150,0,113,5,151964.0,1036145,95143.0,0.38502753867757694,99.9927882708437,1.0,1.0,0.6017699115044248,39578.566371681416,11611.0,0.5684166022274253,0.1309088750022056,0.026078958002472064,2.001172377025796,ok,247107.0,247107.0,6167.726134464986,985.0427574276093,0.37914965724878963,1.1531080972819707,2.5522367312898977,0.9608,3.3879093658859856,15000,3332.0,11668.0,5,0,,,False,,0.0
GP_Matern52_PI,gp_m52_pi,Acquisition Ablation,2,23,5,150,0,118,5,151964.0,1036145,95143.0,0.38502753867757694,99.9927882708437,1.0,1.0,0.5932203389830508,39698.872881355936,109127.0,0.918560634656626,0.13394529099969077,0.029001333001360763,2.1641190010268474,ok,247107.0,247107.0,6176.295093368814,984.5347511773292,0.37968883009552656,1.1604289748933145,2.6029968278529974,0.9538,3.3356141757473625,15000,3341.0,11659.0,2,3,,,False,,0.6
GP_Matern52_PI,gp_m52_pi,Acquisition Ablation,2,24,5,150,0,123,5,151964.0,1036145,95143.0,0.38502753867757694,99.9927882708437,1.0,1.0,0.5934959349593496,40164.365853658535,107841.0,0.8166369661831698,0.11802487499880954,0.029986167002789443,2.3121300430284464,ok,247107.0,247107.0,6162.913889827757,983.3686536231932,0.38170767932911737,1.141164133712666,2.5880616422393885,0.9534,3.2341277406717213,15000,3369.0,11631.0,3,2,,,False,,0.4
GP_Matern52_PI,gp_m52_pi,Acquisition Ablation,2,25,5,150,0,128,5,151964.0,1036145,95143.0,0.38502753867757694,99.9927882708437,1.0,1.0,0.609375,42735.9140625,121744.0,0.33882125502349847,0.17220308299874887,0.029934666999906767,2.514267793027102,ok,247107.0,247107.0,6148.179892153704,977.5869984835856,0.3893255466716195,1.0724526351803907,2.5569656210295375,0.9514,3.0641228427249865,15000,3335.0,11665.0,5,0,,,False,,0.0
GP_Matern52_PI,gp_m52_pi,Acquisition Ablation,2,26,5,150,0,133,5,151964.0,1036145,95143.0,0.38502753867757694,99.9927882708437,1.0,1.0,0.6165413533834586,42714.24812030075,99862.0,0.763168683915829,0.31908041700080503,0.03243954199933796,2.865787752027245,ok,247107.0,247107.0,6137.495490919343,975.9606001225602,0.38985533866563515,1.0799355997768403,2.5777637100256565,0.9514,3.0857692162005836,15000,3375.0,11625.0,4,1,,,False,,0.2
GP_Matern52_PI,gp_m52_pi,Acquisition Ablation,2,27,5,150,0,138,5,151964.0,1036145,95143.0,0.38502753867757694,99.9927882708437,1.0,1.0,0.6304347826086957,43323.311594202896,122712.0,0.4335495333690285,0.33848349999971106,0.03560987499804469,3.2398811270250008,ok,247107.0,247107.0,6106.825039508886,964.2138813561593,0.39167012692956055,1.1191996795201273,2.651493896482144,0.9366,2.9446954588486984,15000,3310.0,11690.0,5,0,,,False,,0.0
GP_Matern52_PI,gp_m52_pi,Acquisition Ablation,2,28,5,150,0,143,5,151964.0,1036145,95143.0,0.38502753867757694,99.9927882708437,1.0,1.0,0.6083916083916084,41808.51048951049,0.0,0.4754542565923483,0.2686063750006724,0.03163425000093412,3.5401217520266073,ok,247107.0,247107.0,6082.972191332747,980.0356802154396,0.39474427558491404,1.1822495987782276,2.6548620433646355,0.9354,3.079658376094256,15000,3274.0,11726.0,2,3,,,False,,0.6
GP_Matern52_PI,gp_m52_pi,Acquisition Ablation,2,29,5,150,0,148,5,151964.0,1036145,95143.0,0.38502753867757694,99.9927882708437,1.0,1.0,0.5945945945945946,40410.93918918919,2202.0,0.5689135086249013,0.34857637499953853,0.03357954199964297,3.922277669025789,ok,247107.0,247107.0,5979.203838710938,950.7365211347336,0.39955321846728553,1.1702943858224815,2.5237088462656336,0.961,3.432917114094079,15000,3375.0,11625.0,5,0,,,False,,0.0
GP_Matern52_PI,gp_m52_pi,Acquisition Ablation,2,30,5,150,0,150,2,151964.0,1036145,95143.0,0.38502753867757694,99.9927882708437,1.0,1.0,0.6,40544.26666666667,55476.0,0.2532823632787317,0.3614517089990841,0.02901279200159479,4.312742170026468,ok,247107.0,247107.0,107082.72449886698,4948.845224990469,0.37257840556745997,1.7397877271513595,2.7766340999591557,0.9772,4.569091633953336,15000,3373.0,11627.0,2,0,,,False,,0.0
GP_Matern52_PI,gp_m52_pi,Acquisition Ablation,3,0,5,150,0,3,3,0.0,409668,247107.0,1.0,93.70319341923158,0.0,0.0,0.0,0.0,0.0,1.0055793833043412,0.0,0.0,0.0,initial,247107.0,247107.0,,,,,,,,0,,,0,3,,,False,,1.0
GP_Matern52_PI,gp_m52_pi,Acquisition Ablation,3,1,5,150,0,8,5,33849.0,1653487,213258.0,0.8630188541805777,98.58587825421084,0.0,0.0,0.25,5692.375,33849.0,0.8818276199609532,8.158299897331744e-05,0.009562499999447027,0.009644082998420345,constant_target_fallback,247107.0,247107.0,7909.099054228617,1427.68,0.0,0.8171530915714472,3.9560373352279044,0.932,1.0,15000,3394.0,11606.0,2,3,,,False,,0.6
GP_Matern52_PI,gp_m52_pi,Acquisition Ablation,3,2,5,150,0,13,5,33849.0,1653487,213258.0,0.8630188541805777,98.58587825421084,0.0,0.0,0.46153846153846156,5852.153846153846,21242.0,0.32674109080153946,0.009948625000106404,0.013211333000072045,0.032804040998598794,ok,247107.0,247107.0,10229.020976463442,3395.7048882854515,0.2899154028662861,2.147016080021341,25.227204965585283,0.6938,0.9322537039633817,15000,3336.0,11664.0,4,1,,,False,,0.2
GP_Matern52_PI,gp_m52_pi,Acquisition Ablation,3,3,5,150,0,18,5,44239.0,1223859,202868.0,0.8209722913555666,99.0798980917109,1.0,0.0,0.5555555555555556,10680.388888888889,44239.0,0.23755314654742313,0.021065166001790203,0.014283207998232683,0.06815241499862168,ok,247107.0,247107.0,10350.139695205762,3269.146001367422,0.27137126109363946,2.211991169032526,4.346524034815015,0.8054,2.576565374208474,15000,3319.0,11681.0,4,1,,,False,,0.2
GP_Matern52_PI,gp_m52_pi,Acquisition Ablation,3,4,5,150,0,23,5,45948.0,1394203,201159.0,0.8140562590294893,99.1534249485181,1.0,0.0,0.6521739130434783,15718.869565217392,45948.0,0.40817673101217206,0.02599999999802094,0.015201375001197448,0.10935378999784007,ok,247107.0,247107.0,7193.811638460349,1352.456788557459,0.37860187842722565,1.692604713831877,2.6888012850230445,0.9622,3.7973177004142062,15000,3344.0,11656.0,5,0,,,False,,0.0
GP_Matern52_PI,gp_m52_pi,Acquisition Ablation,3,5,5,150,0,28,5,49339.0,1125048,197768.0,0.8003334587850607,99.2887268216664,1.0,0.0,0.7142857142857143,20053.75,49339.0,0.3522301855340168,0.014977666996855987,0.015310959002817981,0.13964241599751404,ok,247107.0,247107.0,7275.457658588754,1404.6491030921507,0.37593032966026013,1.817886280658628,2.766377216129063,0.9598,4.073288858446808,15000,3302.0,11698.0,5,0,,,False,,0.0
GP_Matern52_PI,gp_m52_pi,Acquisition Ablation,3,6,5,150,0,33,5,101830.0,1053003,145277.0,0.5879113096755656,99.90790294061534,1.0,1.0,0.7272727272727273,27525.121212121212,101830.0,0.3696660557858484,0.03149937499983935,0.01362650000010035,0.18476829099745373,ok,247107.0,247107.0,7028.618745115222,1389.9571867974405,0.37053247117475663,1.859486277636496,2.8581243067444237,0.9534,4.187895885747723,15000,3304.0,11696.0,5,0,,,False,,0.0
GP_Matern52_PI,gp_m52_pi,Acquisition Ablation,3,7,5,150,0,38,5,101830.0,1053003,145277.0,0.5879113096755656,99.90790294061534,1.0,1.0,0.7631578947368421,32045.447368421053,94144.0,0.4069163666059004,0.04142116600269219,0.018800333000399405,0.24498979000054533,ok,247107.0,247107.0,6616.24471455973,1259.819466759145,0.3898848912580997,1.9061416846668107,2.7692270562477153,0.9852,5.221665060296764,15000,3413.0,11587.0,5,0,,,False,,0.0
GP_Matern52_PI,gp_m52_pi,Acquisition Ablation,3,8,5,150,0,43,5,116612.0,792466,130495.0,0.5280910698604249,99.9633676939447,1.0,1.0,0.7906976744186046,38230.348837209305,116612.0,0.3390163902508999,0.05924454200066975,0.019609916998888366,0.32384424900010345,ok,247107.0,247107.0,6436.704683331496,1255.058112664745,0.39336569627078527,1.8542514796895069,2.784742578881949,0.9798,5.209803105717173,15000,3437.0,11563.0,5,0,,,False,,0.0
GP_Matern52_PI,gp_m52_pi,Acquisition Ablation,3,9,5,150,0,48,5,116612.0,792466,130495.0,0.5280910698604249,99.9633676939447,1.0,1.0,0.75,37271.666666666664,80983.0,0.30850187328036355,0.029883833001804305,0.018953499999042833,0.3726815820009506,ok,247107.0,247107.0,6337.933621746317,1244.2428358880557,0.39840868698338855,1.8275558578726347,2.8002211181572667,0.9782,5.322276426411888,15000,3414.0,11586.0,5,0,,,False,,0.0
GP_Matern52_PI,gp_m52_pi,Acquisition Ablation,3,10,5,150,0,53,5,116612.0,792466,130495.0,0.5280910698604249,99.9633676939447,1.0,1.0,0.7735849056603774,40970.981132075474,114348.0,0.6876332283381312,0.0705164999999397,0.02315995799654047,0.46635803999743075,ok,247107.0,247107.0,7329.207433505903,1443.1011301147316,0.3503718079780184,2.3089788173838968,2.9952998440334877,0.9736,5.518240593574492,15000,3341.0,11659.0,5,0,,,False,,0.0
GP_Matern52_PI,gp_m52_pi,Acquisition Ablation,3,11,5,150,0,58,5,116612.0,792466,130495.0,0.5280910698604249,99.9633676939447,1.0,1.0,0.7931034482758621,39102.89655172414,42300.0,0.3856209122861966,0.07317849999890313,0.022416833002353087,0.561953372998687,ok,247107.0,247107.0,5975.493817793773,1165.699446394893,0.34569614906272006,2.2485424652505395,2.92326657694319,0.9782,5.6989781161484485,15000,3321.0,11679.0,5,0,,,False,,0.0
GP_Matern52_PI,gp_m52_pi,Acquisition Ablation,3,12,5,150,0,63,5,116612.0,792466,130495.0,0.5280910698604249,99.9633676939447,1.0,1.0,0.8095238095238095,40818.666666666664,104379.0,0.4721705095209668,0.08751699999993434,0.02548762500009616,0.6749579979987175,ok,247107.0,247107.0,5769.51413414203,1096.1286132305092,0.3538010156165856,2.1575613297346803,2.920726503550217,0.9762,5.6984201168707465,15000,3363.0,11637.0,5,0,,,False,,0.0
GP_Matern52_PI,gp_m52_pi,Acquisition Ablation,3,13,5,150,0,68,5,116612.0,792466,130495.0,0.5280910698604249,99.9633676939447,1.0,1.0,0.7794117647058824,40074.32352941176,81946.0,0.7833571216004678,0.06978587499907007,0.022348874997987878,0.7670927479957754,ok,247107.0,247107.0,5702.157061370089,1023.8884971477383,0.37010029835870073,2.0644285723986124,2.9322467479894025,0.972,5.854734806780014,15000,3410.0,11590.0,2,3,,,False,,0.6
GP_Matern52_PI,gp_m52_pi,Acquisition Ablation,3,14,5,150,0,73,5,131413.0,1129377,115694.0,0.4681939402768841,99.98205262857694,1.0,1.0,0.7945205479452054,44396.13698630137,131413.0,0.385796482765221,0.10895937499662978,0.023082209001586307,0.8991343319939915,ok,247107.0,247107.0,4950.495177560262,906.9537900590378,0.3856538875518537,1.9781814931868358,2.9160563686290484,0.9742,5.716232391757741,15000,3361.0,11639.0,5,0,,,False,,0.0
GP_Matern52_PI,gp_m52_pi,Acquisition Ablation,3,15,5,150,0,78,5,131413.0,1129377,115694.0,0.4681939402768841,99.98205262857694,1.0,1.0,0.8076923076923077,45822.730769230766,94385.0,0.48828044204191495,0.15005749999909312,0.023980291000043508,1.0731721229931281,ok,247107.0,247107.0,4926.581167328753,889.3031756457383,0.3918245497578293,1.944560550566671,2.9311916228729955,0.9696,5.751713605935524,15000,3283.0,11717.0,5,0,,,False,,0.0
GP_Matern52_PI,gp_m52_pi,Acquisition Ablation,3,16,5,150,0,83,5,131413.0,1129377,115694.0,0.4681939402768841,99.98205262857694,1.0,1.0,0.7710843373493976,44355.19277108434,107308.0,0.9266297765019382,0.12724858399815275,0.021437625000544358,1.2218583319918253,ok,247107.0,247107.0,5011.284336238747,891.9532414657069,0.3961687563450058,1.9168802879021154,2.919993122615065,0.9692,5.6506662477689575,15000,3266.0,11734.0,1,4,,,False,,0.8
GP_Matern52_PI,gp_m52_pi,Acquisition Ablation,3,17,5,150,0,88,5,131413.0,1129377,115694.0,0.4681939402768841,99.98205262857694,1.0,1.0,0.7840909090909091,46284.181818181816,104581.0,0.4265709190199572,0.10926491700229235,0.02535958300359198,1.3564828319977096,ok,247107.0,247107.0,4946.568665938187,852.7092451108485,0.40522103570236634,1.7256610611104755,2.8470160157810427,0.9682,5.255886859679497,15000,3340.0,11660.0,5,0,,,False,,0.0
GP_Matern52_PI,gp_m52_pi,Acquisition Ablation,3,18,5,150,0,93,5,131413.0,1129377,115694.0,0.4681939402768841,99.98205262857694,1.0,1.0,0.7526881720430108,45116.04301075269,122784.0,0.7676157114045787,0.14772204099790542,0.02587383300124202,1.530078705996857,ok,247107.0,247107.0,4958.221489379676,883.8832905682639,0.40306942818240254,1.735882482841863,2.843965551268541,0.9686,5.19464641984378,15000,3284.0,11716.0,1,4,,,False,,0.8
GP_Matern52_PI,gp_m52_pi,Acquisition Ablation,3,19,5,150,0,98,5,131413.0,1129377,115694.0,0.4681939402768841,99.98205262857694,1.0,1.0,0.7653061224489796,46295.02040816326,80764.0,0.5286871154165225,0.10781704200053355,0.029176542000641348,1.667072289998032,ok,247107.0,247107.0,4954.457744319944,874.9219348689835,0.4098850011941795,1.5914612448851422,2.779707693242851,0.9682,4.834621117334587,15000,3340.0,11660.0,5,0,,,False,,0.0
GP_Matern52_PI,gp_m52_pi,Acquisition Ablation,3,20,5,150,0,103,5,133674.0,793745,113433.0,0.45904405783729313,99.9838063899854,1.0,1.0,0.7572815533980582,46379.601941747576,133674.0,1.0529458229557038,0.14969187500173575,0.028058083000360057,1.8448222480001277,ok,247107.0,247107.0,4988.327337506866,875.8370345393758,0.40971957772691125,1.593591977516663,2.779553315086645,0.9686,4.824071354449653,15000,3365.0,11635.0,3,2,,,False,,0.4
GP_Matern52_PI,gp_m52_pi,Acquisition Ablation,3,21,5,150,0,108,5,133674.0,793745,113433.0,0.45904405783729313,99.9838063899854,1.0,1.0,0.7407407407407407,46088.333333333336,100700.0,0.8007246377866449,0.245122917000117,0.024903792000259273,2.114848957000504,ok,247107.0,247107.0,4733.590724284682,817.4607021887226,0.4056942725501138,1.5629132928402634,2.7679231393380004,0.9664,4.665744977609841,15000,3377.0,11623.0,2,3,,,False,,0.6
GP_Matern52_PI,gp_m52_pi,Acquisition Ablation,3,22,5,150,0,113,5,133674.0,793745,113433.0,0.45904405783729313,99.9838063899854,1.0,1.0,0.7522123893805309,47927.55752212389,105731.0,0.2828696185282287,0.17086604200085276,0.0259664579971286,2.3116814569984854,ok,247107.0,247107.0,4702.269264977913,801.1049548904205,0.41181274309753385,1.4666866619129861,2.729221940498276,0.9656,4.4506539259267335,15000,3381.0,11619.0,5,0,,,False,,0.0
GP_Matern52_PI,gp_m52_pi,Acquisition Ablation,3,23,5,150,0,118,5,133674.0,793745,113433.0,0.45904405783729313,99.9838063899854,1.0,1.0,0.7542372881355932,48417.14406779661,99144.0,0.8918727615909209,0.28083316600168473,0.026222749998851214,2.6187373729990213,ok,247107.0,247107.0,4572.461136663026,799.6837946331889,0.4119493001579397,1.481802734542747,2.740941264616236,0.9636,4.457557856743944,15000,3254.0,11746.0,4,1,,,False,,0.2
GP_Matern52_PI,gp_m52_pi,Acquisition Ablation,3,24,5,150,0,123,5,133674.0,793745,113433.0,0.45904405783729313,99.9838063899854,1.0,1.0,0.7642276422764228,49804.04878048781,110654.0,0.39951117134391256,0.17210320899903309,0.026768167001137044,2.8176087489991914,ok,247107.0,247107.0,4668.258769232007,814.8826613698915,0.41348182641179604,1.4787815494442664,2.758529037007469,0.9614,4.404568367288746,15000,3379.0,11621.0,5,0,,,False,,0.0
GP_Matern52_PI,gp_m52_pi,Acquisition Ablation,3,25,5,150,0,128,5,133674.0,793745,113433.0,0.45904405783729313,99.9838063899854,1.0,1.0,0.7421875,48706.046875,108476.0,1.342551396389888,0.17932304200076032,0.030178875000274274,3.027110666000226,ok,247107.0,247107.0,4647.586461560817,816.0277293988507,0.41402754759229465,1.5055921977604272,2.780049689671774,0.9582,4.393123414572222,15000,3290.0,11710.0,1,4,,,False,,0.8
GP_Matern52_PI,gp_m52_pi,Acquisition Ablation,3,26,5,150,0,133,5,143257.0,949992,103850.0,0.420263286754321,99.98898572274311,1.0,1.0,0.7518796992481203,49613.827067669175,143257.0,0.6345354165104586,0.19335599999976694,0.02955866699994658,3.2500253329999396,ok,247107.0,247107.0,4642.933885112898,812.0016276077264,0.41542828195040826,1.4315830502364841,2.743759950717442,0.9572,4.195400478513441,15000,3338.0,11662.0,5,0,,,False,,0.0
GP_Matern52_PI,gp_m52_pi,Acquisition Ablation,3,27,5,150,0,138,5,143257.0,949992,103850.0,0.420263286754321,99.98898572274311,1.0,1.0,0.7391304347826086,48932.27536231884,106050.0,1.224690830305207,0.23618929100121022,0.03155250000054366,3.5177671240016934,ok,247107.0,247107.0,4493.623811520684,760.8719261816841,0.4159659412989937,1.4416004957280015,2.7457932382460735,0.9594,4.255436190038777,15000,3250.0,11750.0,2,3,,,False,,0.6
GP_Matern52_PI,gp_m52_pi,Acquisition Ablation,3,28,5,150,0,143,5,143257.0,949992,103850.0,0.420263286754321,99.98898572274311,1.0,1.0,0.7482517482517482,50839.46153846154,120732.0,0.24085933978741267,0.34606616600285633,0.03390650000073947,3.8977397900052893,ok,247107.0,247107.0,4418.137222551672,732.8833823490522,0.4182198087488652,1.4085201740227937,2.7465006295117798,0.9582,4.050874076678472,15000,3315.0,11685.0,5,0,,,False,,0.0
GP_Matern52_PI,gp_m52_pi,Acquisition Ablation,3,29,5,150,0,148,5,143257.0,949992,103850.0,0.420263286754321,99.98898572274311,1.0,1.0,0.7297297297297297,49780.9527027027,97538.0,0.8562607330512725,0.32809275000181515,0.037206917000730755,4.263039457007835,ok,247107.0,247107.0,4546.354973126259,779.853106696775,0.41833076868175856,1.4154032053183103,2.727739591009679,0.9562,4.004791824816199,15000,3384.0,11616.0,1,4,,,False,,0.8
GP_Matern52_PI,gp_m52_pi,Acquisition Ablation,3,30,5,150,0,150,2,143257.0,949992,103850.0,0.420263286754321,99.98898572274311,1.0,1.0,0.7333333333333333,49881.62,59348.0,0.12332439845530077,0.4373212919999787,0.029818332997820107,4.730179082005634,ok,247107.0,247107.0,4538.768784153561,776.7032960958182,0.41902470558881333,1.3569983564117498,2.692291454094491,0.9558,3.8345267720053298,15000,3313.0,11687.0,2,0,,,False,,0.0
GP_Matern52_PI,gp_m52_pi,Acquisition Ablation,4,0,5,150,0,3,3,0.0,3806703,247107.0,1.0,93.70319341923158,0.0,0.0,0.0,0.0,0.0,0.8989998979021484,0.0,0.0,0.0,initial,247107.0,247107.0,,,,,,,,0,,,1,2,,,False,,0.6666666666666666
GP_Matern52_PI,gp_m52_pi,Acquisition Ablation,4,1,5,150,0,8,5,0.0,3806703,247107.0,1.0,93.70319341923158,0.0,0.0,0.0,0.0,0.0,0.8282073906636042,6.845800089649856e-05,0.01098137499866425,0.01104983299956075,constant_target_fallback,247107.0,247107.0,8775.797842190761,1529.645,0.0,0.8104050858432441,3.93666540770458,0.9332,1.0,15000,3299.0,11701.0,1,4,,,False,,0.8
GP_Matern52_PI,gp_m52_pi,Acquisition Ablation,4,2,5,150,0,13,5,0.0,3806703,247107.0,1.0,93.70319341923158,0.0,0.0,0.0,0.0,0.0,0.6603495593511466,5.8834000810747966e-05,0.010821332998602884,0.02192999999897438,constant_target_fallback,247107.0,247107.0,8775.797842190761,1529.645,0.0,0.8104050858432441,3.93666540770458,0.9332,1.0,15000,3372.0,11628.0,0,5,,,False,,1.0
GP_Matern52_PI,gp_m52_pi,Acquisition Ablation,4,3,5,150,0,18,5,0.0,3806703,247107.0,1.0,93.70319341923158,0.0,0.0,0.0,0.0,0.0,0.6669386643516844,5.545800013351254e-05,0.009921458000462735,0.03190691599957063,constant_target_fallback,247107.0,247107.0,8775.797842190761,1529.645,0.0,0.8104050858432441,3.93666540770458,0.9332,1.0,15000,3323.0,11677.0,1,4,,,False,,0.8
GP_Matern52_PI,gp_m52_pi,Acquisition Ablation,4,4,5,150,0,23,5,0.0,3806703,247107.0,1.0,93.70319341923158,0.0,0.0,0.0,0.0,0.0,1.130400845340199,5.0292001105844975e-05,0.0077453330013668165,0.03970254100204329,constant_target_fallback,247107.0,247107.0,8775.797842190761,1529.645,0.0,0.8104050858432441,3.93666540770458,0.9332,1.0,15000,3427.0,11573.0,1,4,,,False,,0.8
GP_Matern52_PI,gp_m52_pi,Acquisition Ablation,4,5,5,150,0,28,5,58131.0,1053718,188976.0,0.7647537301654749,99.53361419740338,1.0,0.0,0.07142857142857142,2543.0,58131.0,0.9901187580739286,5.679199966834858e-05,0.008076415997493314,0.04783574899920495,constant_target_fallback,247107.0,247107.0,8775.797842190761,1529.645,0.0,0.8104050858432441,3.93666540770458,0.9332,1.0,15000,3268.0,11732.0,2,3,,,False,,0.6
GP_Matern52_PI,gp_m52_pi,Acquisition Ablation,4,6,5,150,0,33,5,58131.0,1053718,188976.0,0.7647537301654749,99.53361419740338,1.0,0.0,0.09090909090909091,2662.787878787879,16668.0,0.5386653885328934,0.014268541999626905,0.01973954100321862,0.08184383200205048,ok,247107.0,247107.0,23971.408481197916,3667.656655022381,0.17038031677927135,1.438557158128748,5.19298272196142,0.8072,1.153377298105005,15000,3373.0,11627.0,3,2,,,False,,0.4
GP_Matern52_PI,gp_m52_pi,Acquisition Ablation,4,7,5,150,0,38,5,58131.0,1053718,188976.0,0.7647537301654749,99.53361419740338,1.0,0.0,0.07894736842105263,2312.4210526315787,0.0,0.35750505009540495,0.04301954099719296,0.01825966700198478,0.14312304000122822,ok,247107.0,247107.0,8889.832000932087,1650.3819526704035,0.07270921940132492,1.1987528537830208,3.2678053324456813,0.9044,2.167648054400564,15000,3384.0,11616.0,3,2,,,False,,0.4
GP_Matern52_PI,gp_m52_pi,Acquisition Ablation,4,8,5,150,0,43,5,58131.0,1053718,188976.0,0.7647537301654749,99.53361419740338,1.0,0.0,0.13953488372093023,3664.6046511627906,39006.0,0.34661419175903435,0.02781866599980276,0.01992308300032164,0.19086478900135262,ok,247107.0,247107.0,9779.733629970031,2032.0340514412387,0.04191298511665341,1.1934822277434973,50.16043689902191,0.9138,2.0800693741060297,15000,3351.0,11649.0,3,2,,,False,,0.4
GP_Matern52_PI,gp_m52_pi,Acquisition Ablation,4,9,5,150,0,48,5,113835.0,1050759,133272.0,0.5393291165365611,99.9566804541816,1.0,1.0,0.20833333333333334,7367.354166666667,113835.0,0.5556409995626488,0.05566358400028548,0.019541458001185674,0.2660698310028238,ok,247107.0,247107.0,8368.496029161635,1578.9424266756175,0.36108571681766727,1.1200317649735119,5.6191313078745155,0.9498,2.6818525725800573,15000,3311.0,11689.0,5,0,,,False,,0.0
GP_Matern52_PI,gp_m52_pi,Acquisition Ablation,4,10,5,150,0,53,5,113835.0,1050759,133272.0,0.5393291165365611,99.9566804541816,1.0,1.0,0.24528301886792453,10836.490566037735,109872.0,0.5281931151878132,0.041254458999901544,0.020435499998711748,0.32775979000143707,ok,247107.0,247107.0,8749.16157999567,1547.8822463725455,0.11685258766240142,1.6003696728528651,2.6142878668744207,0.9722,3.8329614006894115,15000,3371.0,11629.0,5,0,,,False,,0.0
GP_Matern52_PI,gp_m52_pi,Acquisition Ablation,4,11,5,150,0,58,5,113835.0,1050759,133272.0,0.5393291165365611,99.9566804541816,1.0,1.0,0.3103448275862069,12777.465517241379,57100.0,0.4229496564177639,0.05591183400247246,0.021814417003042763,0.4054860410069523,ok,247107.0,247107.0,7657.65829282088,1278.9870725882195,0.3719793666047444,1.3175701288903408,2.3792374019247755,0.9856,3.4645977063949105,15000,3242.0,11758.0,5,0,,,False,,0.0
GP_Matern52_PI,gp_m52_pi,Acquisition Ablation,4,12,5,150,0,63,5,113835.0,1050759,133272.0,0.5393291165365611,99.9566804541816,1.0,1.0,0.36507936507936506,14643.84126984127,55696.0,0.5124267252431097,0.11899441700006719,0.024220999999670312,0.5487014580066898,ok,247107.0,247107.0,7670.855785092753,1307.521670759609,0.35050529629517363,1.4895847540450486,2.4668127310648615,0.9844,3.590012717221289,15000,3418.0,11582.0,5,0,,,False,,0.0
GP_Matern52_PI,gp_m52_pi,Acquisition Ablation,4,13,5,150,0,68,5,113835.0,1050759,133272.0,0.5393291165365611,99.9566804541816,1.0,1.0,0.4117647058823529,18284.220588235294,82882.0,0.347403563589498,0.07265408300008858,0.02459341699795914,0.6459489580047375,ok,247107.0,247107.0,7234.199151389922,1223.2928518738522,0.35311360066100483,1.6025616638766056,2.5046830849276702,0.9846,3.6427659851894285,15000,3424.0,11576.0,5,0,,,False,,0.0
GP_Matern52_PI,gp_m52_pi,Acquisition Ablation,4,14,5,150,0,73,5,135843.0,620383,111264.0,0.4502664837499545,99.98528151640373,1.0,1.0,0.4520547945205479,24405.739726027397,135843.0,0.40932977814094124,0.12473666699952446,0.02004812499944819,0.7907337500037102,ok,247107.0,247107.0,7194.690294221555,1213.3243989966181,0.34905186448474884,1.666135315729069,2.5406432091572904,0.9816,3.7067814175067717,15000,3324.0,11676.0,5,0,,,False,,0.0
GP_Matern52_PI,gp_m52_pi,Acquisition Ablation,4,15,5,150,0,78,5,137196.0,620655,109911.0,0.4447911228738967,99.98611742137412,1.0,1.0,0.48717948717948717,28120.79487179487,137196.0,0.3713748989400926,0.0970263339986559,0.02098012499845936,0.9087402090008254,ok,247107.0,247107.0,7187.679186239862,1208.1204255208183,0.34759008259267354,1.6935617528699405,2.5677051034739726,0.9794,3.805694338838644,15000,3385.0,11615.0,5,0,,,False,,0.0
GP_Matern52_PI,gp_m52_pi,Acquisition Ablation,4,16,5,150,0,83,5,137196.0,620655,109911.0,0.4447911228738967,99.98611742137412,1.0,1.0,0.5180722891566265,31310.168674698794,101948.0,0.39171542257584635,0.08535249999840744,0.022668833000352606,1.0167615419995855,ok,247107.0,247107.0,7117.113873826705,1202.0779200576146,0.3473026750425516,1.7041824447866432,2.573659605607777,0.9804,3.95091862600435,15000,3355.0,11645.0,5,0,,,False,,0.0
GP_Matern52_PI,gp_m52_pi,Acquisition Ablation,4,17,5,150,0,88,5,137196.0,620655,109911.0,0.4447911228738967,99.98611742137412,1.0,1.0,0.5454545454545454,33567.03409090909,112057.0,0.3940829884909637,0.1089470419974532,0.023717125000985106,1.1494257089980238,ok,247107.0,247107.0,7161.86198948087,1221.0355498768881,0.3412716747701614,1.7388191680092613,2.5988765617410334,0.9792,4.030186841275432,15000,3381.0,11619.0,5,0,,,False,,0.0
GP_Matern52_PI,gp_m52_pi,Acquisition Ablation,4,18,5,150,0,93,5,137196.0,620655,109911.0,0.4447911228738967,99.98611742137412,1.0,1.0,0.5698924731182796,35694.6129032258,114071.0,0.24830104140424866,0.10304187500150874,0.025010541998199187,1.2774781259977317,ok,247107.0,247107.0,7066.0528312082615,1214.2923978990264,0.3357686180562613,1.7719420392149212,2.621412629181838,0.9794,4.144092183834841,15000,3413.0,11587.0,5,0,,,False,,0.0
GP_Matern52_PI,gp_m52_pi,Acquisition Ablation,4,19,5,150,0,98,5,137196.0,620655,109911.0,0.4447911228738967,99.98611742137412,1.0,1.0,0.5918367346938775,36114.87755102041,69892.0,0.645310752265586,0.14565058399966802,0.02626975000021048,1.4493984599976102,ok,247107.0,247107.0,8377.805880946133,1299.537880790126,0.3432460519035818,1.9079558316024559,2.654124313471378,0.9812,4.251719083898265,15000,3388.0,11612.0,5,0,,,False,,0.0
GP_Matern52_PI,gp_m52_pi,Acquisition Ablation,4,20,5,150,0,103,5,137196.0,620655,109911.0,0.4447911228738967,99.98611742137412,1.0,1.0,0.6116504854368932,38416.33980582524,97793.0,0.4513019746557877,0.1844578329983051,0.027458250002382556,1.6613145429982978,ok,247107.0,247107.0,6840.77465703755,1145.6542697725442,0.33564341551970417,1.7813028317465383,2.6368860734774953,0.978,4.219337137340619,15000,3385.0,11615.0,5,0,,,False,,0.0
GP_Matern52_PI,gp_m52_pi,Acquisition Ablation,4,21,5,150,0,108,5,137196.0,620655,109911.0,0.4447911228738967,99.98611742137412,1.0,1.0,0.6111111111111112,37484.62962962963,86052.0,0.39468039978631453,0.17508400000224356,0.0269380000027013,1.8633365430032427,ok,247107.0,247107.0,6838.080070563239,1158.6398616863146,0.3345285029998782,1.795336190463526,2.6444024241434367,0.977,4.238373407844495,15000,3312.0,11688.0,5,0,,,False,,0.0
GP_Matern52_PI,gp_m52_pi,Acquisition Ablation,4,22,5,150,0,113,5,137196.0,620655,109911.0,0.4447911228738967,99.98611742137412,1.0,1.0,0.6017699115044248,36827.83185840708,98793.0,0.5290122633878187,0.22980054200161248,0.028180375000374625,2.12131746000523,ok,247107.0,247107.0,6606.718484434192,1117.5049061994562,0.34854756564603695,2.0321697476625356,2.716514804557232,0.9884,4.680317634105677,15000,3387.0,11613.0,3,2,,,False,,0.4
GP_Matern52_PI,gp_m52_pi,Acquisition Ablation,4,23,5,150,0,118,5,137196.0,620655,109911.0,0.4447911228738967,99.98611742137412,1.0,1.0,0.6186440677966102,38254.32203389831,103556.0,0.5243204063041706,0.2135510419975617,0.02864137500000652,2.363509877002798,ok,247107.0,247107.0,7928.959204974192,1125.6880901211803,0.39208167440120356,1.8578707289305112,2.6349864134706373,0.9886,4.352009277066088,15000,3266.0,11734.0,5,0,,,False,,0.0
GP_Matern52_PI,gp_m52_pi,Acquisition Ablation,4,24,5,150,0,123,5,137196.0,620655,109911.0,0.4447911228738967,99.98611742137412,1.0,1.0,0.6341463414634146,38676.35772357724,70245.0,0.6065838641662938,0.18878820900135906,0.03677758300182177,2.589075669005979,ok,247107.0,247107.0,6131.521374367695,1039.9743636124208,0.36048589938432196,2.074264885604267,2.7257804831400048,0.988,4.718763050602399,15000,3291.0,11709.0,5,0,,,False,,0.0
GP_Matern52_PI,gp_m52_pi,Acquisition Ablation,4,25,5,150,0,128,5,159327.0,1051283,87780.0,0.3552307300076485,99.99526320516779,1.0,1.0,0.6484375,41175.734375,159327.0,0.27640051596740955,0.18372870799794327,0.0296167910018994,2.8024211680058215,ok,247107.0,247107.0,6076.442665453808,1024.606013157258,0.3622300323518336,2.064158074813402,2.7227599510077916,0.9872,4.707448701810737,15000,3390.0,11610.0,5,0,,,False,,0.0
GP_Matern52_PI,gp_m52_pi,Acquisition Ablation,4,26,5,150,0,133,5,159327.0,1051283,87780.0,0.3552307300076485,99.99526320516779,1.0,1.0,0.6616541353383458,40924.8045112782,53249.0,0.6691597008883937,0.19755958400128293,0.03488445800030604,3.0348652100074105,ok,247107.0,247107.0,6769.815077829419,1092.921416432218,0.3889745716323078,1.710372116059736,2.604386594285902,0.9838,4.417295790247879,15000,3408.0,11592.0,5,0,,,False,,0.0
GP_Matern52_PI,gp_m52_pi,Acquisition Ablation,4,27,5,150,0,138,5,159327.0,1051283,87780.0,0.3552307300076485,99.99526320516779,1.0,1.0,0.6739130434782609,41060.89855072464,106888.0,0.6069010880118744,0.5167832919978537,0.032664209000358824,3.584312711005623,ok,247107.0,247107.0,6120.59393650788,1038.5946765288934,0.3613250937363499,2.0759496406391853,2.7355179641364913,0.9862,4.81035644212652,15000,3341.0,11659.0,5,0,,,False,,0.0
GP_Matern52_PI,gp_m52_pi,Acquisition Ablation,4,28,5,150,0,143,5,159327.0,1051283,87780.0,0.3552307300076485,99.99526320516779,1.0,1.0,0.6853146853146853,40585.82517482517,69322.0,0.5624059358681327,0.29176741700212006,0.03197629199712537,3.9080564200048684,ok,247107.0,247107.0,6035.733444441445,1023.4940183765888,0.36582118987194084,2.0462916951586716,2.7215926272333038,0.9856,4.733472454862916,15000,3319.0,11681.0,5,0,,,False,,0.0
GP_Matern52_PI,gp_m52_pi,Acquisition Ablation,4,29,5,150,0,148,5,159327.0,1051283,87780.0,0.3552307300076485,99.99526320516779,1.0,1.0,0.6824324324324325,40434.27702702703,67886.0,0.6425817395361358,0.39790350000112085,0.0376802079990739,4.343640128005063,ok,247107.0,247107.0,5947.778180544399,1024.055421209562,0.3666839047278397,2.0565805500484564,2.7336967010985447,0.9806,4.691832903420267,15000,3331.0,11669.0,3,2,,,False,,0.4
GP_Matern52_PI,gp_m52_pi,Acquisition Ablation,4,30,5,150,0,150,2,159327.0,1051283,87780.0,0.3552307300076485,99.99526320516779,1.0,1.0,0.6733333333333333,39895.153333333335,0.0,1.3032166813824395,0.62692345799951,0.030316374999529216,5.000879961004102,ok,247107.0,247107.0,5879.263506492663,981.5605514856746,0.3739775771108524,1.9707795888547932,2.7052315956998436,0.9804,4.6038630002894,15000,3342.0,11658.0,1,1,,,False,,0.5
