method,family,run,iteration,n_experiments,batch_size_added,best_q,best_pool_idx,simple_regret,normalized_regret,best_rank_percentile,hit_top1pct,hit_top0_1pct,success_fraction_selected,mean_q_selected,last_batch_best_q,mean_pairwise_batch_distance,fit_seconds,acq_seconds,cum_seconds,status,pool_oracle_best_q,full_grid_best_q,surrogate_rmse_raw,surrogate_mae_raw,surrogate_spearman_raw,surrogate_crps,surrogate_nll,surrogate_coverage95,surrogate_mean_sd
GP_Matern52_PI,Acquisition Ablation,0,0,3,3,0.0,2370341,247107.0,1.0,93.70319341923158,0.0,0.0,0.0,0.0,0.0,1.0123451313576954,0.0,0.0,0.0,initial,247107.0,247107.0,,,,,,,
GP_Matern52_PI,Acquisition Ablation,0,1,6,3,0.0,2370341,247107.0,1.0,93.70319341923158,0.0,0.0,0.0,0.0,0.0,0.8380755797181075,0.00016133300232468173,0.003839749999315245,0.004001083001639927,constant_target_fallback,247107.0,247107.0,8794.15225607335,1574.217,0.0,0.8138185086950146,3.9690805000534337,0.9332,1.0
GP_Matern52_PI,Acquisition Ablation,0,2,9,3,12822.0,1560621,234285.0,0.9481115468197987,96.96140348116722,0.0,0.0,0.1111111111111111,1424.6666666666667,12822.0,0.9198783804508924,0.00010537500202190131,0.003967291999288136,0.008073750002949964,constant_target_fallback,247107.0,247107.0,8794.15225607335,1574.217,0.0,0.8138185086950146,3.9690805000534337,0.9332,1.0
GP_Matern52_PI,Acquisition Ablation,0,3,12,3,12822.0,1560621,234285.0,0.9481115468197987,96.96140348116722,0.0,0.0,0.08333333333333333,1068.5,0.0,0.5991789096033819,0.027724167000997113,0.010134291998838307,0.045932209002785385,ok,247107.0,247107.0,8991.797645982946,2196.483552623364,0.07404779132257312,1.9446813494446054,33.53025568497667,0.8234,1.4425157198681766
GP_Matern52_PI,Acquisition Ablation,0,4,15,3,12822.0,1560621,234285.0,0.9481115468197987,96.96140348116722,0.0,0.0,0.06666666666666667,854.8,0.0,0.43788635811376525,0.022921332998521393,0.008757915999012766,0.07761145800031954,ok,247107.0,247107.0,8805.75084502448,1602.3644469018016,0.05665064757252059,1.2033415272648667,4.763915878767138,0.9196,2.501007520862105
GP_Matern52_PI,Acquisition Ablation,0,5,18,3,12822.0,1560621,234285.0,0.9481115468197987,96.96140348116722,0.0,0.0,0.05555555555555555,712.3333333333334,0.0,0.41393769576561823,0.02797412500149221,0.014598667003156152,0.12018425000496791,ok,247107.0,247107.0,8818.732132054634,1615.7691107148619,0.06327480679801498,1.0882818981069766,20.61099703671455,0.9296,2.2402675199327686
GP_Matern52_PI,Acquisition Ablation,0,6,21,3,12822.0,1560621,234285.0,0.9481115468197987,96.96140348116722,0.0,0.0,0.09523809523809523,1164.5714285714287,11634.0,1.481177459630554,0.013660125001479173,0.020241875001374865,0.15408625000782195,ok,247107.0,247107.0,8794.015045962507,1574.810776785027,0.12807164878269772,1.0358520422940365,2.2994774642402462,0.9332,2.1666468437761663
GP_Matern52_PI,Acquisition Ablation,0,7,24,3,17540.0,1552143,229567.0,0.9290186032771228,97.56931946845623,0.0,0.0,0.16666666666666666,2411.8333333333335,17540.0,0.3537213708759366,0.02647587500177906,0.0076114580006105825,0.1881735830102116,ok,247107.0,247107.0,8890.413122421052,1852.520792323399,-0.07587602278497038,1.2606123870350279,47.485442384743756,0.8618,1.2794146373328021
GP_Matern52_PI,Acquisition Ablation,0,8,27,3,50062.0,1548903,197045.0,0.7974076007559479,99.31445958251956,1.0,0.0,0.25925925925925924,6778.407407407408,50062.0,0.3748437405544173,0.02478745800181059,0.019562916000722907,0.23252395701274509,ok,247107.0,247107.0,8556.232085007552,1541.6537985503144,0.3122000815976293,0.9154485625474114,8.356781473523915,0.9064,1.5513211843227268
GP_Matern52_PI,Acquisition Ablation,0,9,30,3,63196.0,1633385,183911.0,0.7442565366420215,99.61999104434362,1.0,0.0,0.26666666666666666,8207.1,63196.0,0.5931787839201701,0.058725708000565646,0.01716537500033155,0.3084150400136423,ok,247107.0,247107.0,8668.17988656446,1592.8478411650399,0.30836248703671365,1.0437116347462856,3.6597626157176237,0.9182,1.9521129294888881
GP_Matern52_PI,Acquisition Ablation,0,10,33,3,63196.0,1633385,183911.0,0.7442565366420215,99.61999104434362,1.0,0.0,0.3333333333333333,10518.848484848484,42709.0,0.45080024152372417,0.08436058399820467,0.03545241699976032,0.4282280410116073,ok,247107.0,247107.0,8495.8576071673,1477.252829965588,0.3363190511696834,1.0724049483937113,2.329900756110495,0.941,2.5379287855924684
GP_Matern52_PI,Acquisition Ablation,0,11,36,3,63196.0,1633385,183911.0,0.7442565366420215,99.61999104434362,1.0,0.0,0.3888888888888889,13409.861111111111,50038.0,0.1782865259703411,0.04870600000140257,0.015955625000060536,0.4928896660130704,ok,247107.0,247107.0,8447.81581228664,1465.7406609593945,0.32762017723927883,1.1550098889559173,2.4230218465924254,0.939,2.6915662593235514
GP_Matern52_PI,Acquisition Ablation,0,12,39,3,63196.0,1633385,183911.0,0.7442565366420215,99.61999104434362,1.0,0.0,0.4358974358974359,16640.410256410258,59096.0,0.08760784117111196,0.06818600000042352,0.01448408299984294,0.5755597490133368,ok,247107.0,247107.0,8387.743692743972,1450.678852593454,0.32618548317647983,1.189957575527344,2.4793464135418537,0.9346,2.6954616984821302
GP_Matern52_PI,Acquisition Ablation,0,13,42,3,63196.0,1633385,183911.0,0.7442565366420215,99.61999104434362,1.0,0.0,0.47619047619047616,19026.690476190477,53261.0,0.2531936093651375,0.04286020799918333,0.020704959002614487,0.6391249160151347,ok,247107.0,247107.0,8366.532290822584,1446.8565348574039,0.32199464530361666,1.2150380986337659,2.5504819581729397,0.932,2.735104847623026
GP_Matern52_PI,Acquisition Ablation,0,14,45,3,72767.0,1469083,174340.0,0.7055243275180387,99.72446277534873,1.0,0.0,0.5111111111111111,21992.977777777778,72767.0,0.32625615040746087,0.06456141699891305,0.018373375001829118,0.7220597080158768,ok,247107.0,247107.0,8334.744706127323,1438.5269624278747,0.3201499371556426,1.237850788340062,2.595092966190134,0.9316,2.787370497741864
GP_Matern52_PI,Acquisition Ablation,0,15,48,3,72767.0,1469083,174340.0,0.7055243275180387,99.72446277534873,1.0,0.0,0.5416666666666666,23695.75,62012.0,0.3179852851063739,0.06514425000204938,0.0172265420005715,0.8044305000184977,ok,247107.0,247107.0,8264.30326332097,1419.1056122089285,0.32668884052522273,1.2601480817751642,2.627922241069333,0.93,2.8619112581366206
GP_Matern52_PI,Acquisition Ablation,0,16,51,3,72767.0,1469083,174340.0,0.7055243275180387,99.72446277534873,1.0,0.0,0.5490196078431373,23722.352941176472,68958.0,1.0070626405081287,0.06917216700094286,0.02850541700172471,0.9021080840211653,ok,247107.0,247107.0,8292.551087850155,1423.4649118203033,0.322904215287141,1.2825681187689302,2.707175847503617,0.9296,2.8359723240687718
GP_Matern52_PI,Acquisition Ablation,0,17,54,3,72767.0,1469083,174340.0,0.7055243275180387,99.72446277534873,1.0,0.0,0.5185185185185185,22404.444444444445,0.0,0.4080770141691486,0.18409341600272455,0.0159455409993825,1.1021470410232723,ok,247107.0,247107.0,8334.58403972412,1431.9142999299693,0.3485452140173926,1.1585830253754266,2.6527432965301525,0.9288,2.7955888221405445
GP_Matern52_PI,Acquisition Ablation,0,18,57,3,72767.0,1469083,174340.0,0.7055243275180387,99.72446277534873,1.0,0.0,0.5263157894736842,23246.859649122805,65727.0,1.154950927031454,0.08755495799778146,0.016253333000349812,1.2059553320214036,ok,247107.0,247107.0,8334.799292672333,1430.0971432057668,0.35934837894995886,1.0848979875476084,2.633349271321319,0.927,2.6587454601066534
GP_Matern52_PI,Acquisition Ablation,0,19,60,3,72767.0,1469083,174340.0,0.7055243275180387,99.72446277534873,1.0,0.0,0.5333333333333333,23186.55,45019.0,0.8450584996882432,0.13647387499804609,0.023551541999040637,1.3659807490184903,ok,247107.0,247107.0,8342.950518279444,1432.0984524088517,0.3705741299484103,1.0384285008819216,2.65106423070957,0.9252,2.6021513551583846
GP_Matern52_PI,Acquisition Ablation,0,20,63,3,72767.0,1469083,174340.0,0.7055243275180387,99.72446277534873,1.0,0.0,0.5555555555555556,24532.444444444445,58633.0,0.5512136764188554,0.11279283299882081,0.02910895800232538,1.5078825400196365,ok,247107.0,247107.0,8387.25268946961,1440.829206092323,0.37301942821929457,1.039722686032821,2.6558470980466593,0.925,2.610199539709577
GP_Matern52_PI,Acquisition Ablation,0,21,66,3,72767.0,1469083,174340.0,0.7055243275180387,99.72446277534873,1.0,0.0,0.5454545454545454,24232.727272727272,53816.0,1.0747884064089586,0.14374058300018078,0.0303835419981624,1.6820066650179797,ok,247107.0,247107.0,8387.434001914184,1441.7270327249703,0.36787505835696305,1.0522944688594194,2.6936640639022476,0.9248,2.6406739554101297
GP_Matern52_PI,Acquisition Ablation,0,22,69,3,72767.0,1469083,174340.0,0.7055243275180387,99.72446277534873,1.0,0.0,0.5652173913043478,25712.753623188404,68283.0,0.258111178823925,0.1904360420012381,0.04033662499932689,1.9127793320185447,ok,247107.0,247107.0,8385.785451510963,1440.9093605682417,0.3782679759668069,1.0058029406699962,2.676301855087193,0.9236,2.5013410415199373
GP_Matern52_PI,Acquisition Ablation,0,23,72,3,75554.0,1555519,171553.0,0.6942458125427446,99.74736001541999,1.0,0.0,0.5694444444444444,26299.194444444445,75554.0,0.6668592729361529,0.15761170799669344,0.03770045900091645,2.1080914990161546,ok,247107.0,247107.0,8377.829399761149,1438.4632996335129,0.37815048867987294,1.0078149904871854,2.7085538891332948,0.9228,2.505194041498426
GP_Matern52_PI,Acquisition Ablation,0,24,75,3,75554.0,1555519,171553.0,0.6942458125427446,99.74736001541999,1.0,0.0,0.5866666666666667,27850.453333333335,68360.0,0.17564270567358442,0.18987962499886635,0.016027249999751803,2.3139983740147727,ok,247107.0,247107.0,8393.06084730071,1439.4000008676744,0.34140340977630396,1.037753012608938,2.844471524989093,0.9214,2.5026312912889703
GP_Matern52_PI,Acquisition Ablation,0,25,78,3,75554.0,1555519,171553.0,0.6942458125427446,99.74736001541999,1.0,0.0,0.5769230769230769,26827.141025641027,3733.0,0.9328370220421048,0.15710816699720453,0.021854041999176843,2.492960583011154,ok,247107.0,247107.0,8393.933643641945,1439.6002951085154,0.3424327012694889,1.0450208021219225,2.863049156421492,0.9206,2.5093541557125616
GP_Matern52_PI,Acquisition Ablation,0,26,81,3,75554.0,1555519,171553.0,0.6942458125427446,99.74736001541999,1.0,0.0,0.5925925925925926,26634.20987654321,39892.0,0.4640531828648542,0.27024716699816054,0.03299745800177334,2.796205208011088,ok,247107.0,247107.0,8395.384399438304,1440.619180776789,0.3245083138953352,1.195698251211006,2.7084989980035434,0.9316,3.1584699567309324
GP_Matern52_PI,Acquisition Ablation,0,27,84,3,75554.0,1555519,171553.0,0.6942458125427446,99.74736001541999,1.0,0.0,0.5714285714285714,25682.988095238095,0.0,0.2126298320939949,0.15383154099981766,0.019316624999191845,2.9693533740100975,ok,247107.0,247107.0,8365.357501155771,1435.368714957678,0.32713485193672426,1.2112611979242516,2.7314423434127755,0.9304,3.2136846462520556
GP_Matern52_PI,Acquisition Ablation,0,28,87,3,75554.0,1555519,171553.0,0.6942458125427446,99.74736001541999,1.0,0.0,0.5632183908045977,25389.862068965518,51547.0,0.7428701251222959,0.12084787500134553,0.04880720900109736,3.1390084580125404,ok,247107.0,247107.0,8365.50298382469,1434.222178454543,0.34390779123261983,1.155496257900557,2.707475624522139,0.9292,3.065306508535185
GP_Matern52_PI,Acquisition Ablation,0,29,90,3,75554.0,1555519,171553.0,0.6942458125427446,99.74736001541999,1.0,0.0,0.5777777777777777,26396.933333333334,65583.0,0.5100562329147328,0.3752298340004927,0.03163829199911561,3.5458765840121487,ok,247107.0,247107.0,8368.957109040082,1434.8205220208943,0.3612929067792781,1.1134547696970554,2.6959341274837336,0.9282,2.9474966403035805
GP_Matern52_PI,Acquisition Ablation,0,30,93,3,75554.0,1555519,171553.0,0.6942458125427446,99.74736001541999,1.0,0.0,0.5591397849462365,25545.41935483871,0.0,0.6207804031718794,0.2845057500016992,0.03162733299905085,3.8620096670128987,ok,247107.0,247107.0,8365.822425775903,1434.921434222888,0.36374848491466044,1.1170894955316897,2.7140825840844074,0.9278,2.9478772422416624
GP_Matern52_PI,Acquisition Ablation,0,31,96,3,103187.0,1120076,143920.0,0.5824197614798448,99.91432793568187,1.0,1.0,0.5729166666666666,27256.572916666668,103187.0,0.42551355067478136,0.24572820799949113,0.020223415998771088,4.127961291011161,ok,247107.0,247107.0,8368.497941536314,1435.7812550741855,0.3746971024602841,1.0820158693624549,2.6960774574215427,0.926,2.7447942883032663
GP_Matern52_PI,Acquisition Ablation,0,32,99,3,116600.0,1124108,130507.0,0.5281396318194143,99.96331852306409,1.0,1.0,0.5858585858585859,29175.62626262626,116600.0,0.5407869084964907,0.20003116699808743,0.02347620900036418,4.3514686670096125,ok,247107.0,247107.0,7892.468719308618,1322.702144404386,0.391269229329514,1.0653948951516423,2.6170769979565427,0.9364,2.925040315038994
GP_Matern52_PI,Acquisition Ablation,0,33,102,3,118668.0,1036417,128439.0,0.5197707875535699,99.96749804791604,1.0,1.0,0.5980392156862745,31654.147058823528,118668.0,0.18051377404950886,0.21626520800055005,0.039452041000913596,4.607185916011076,ok,247107.0,247107.0,7897.105346088736,1325.9541237333483,0.39093273753083835,1.0723426079906093,2.6545389154574726,0.9312,2.9013796749930005
GP_Matern52_PI,Acquisition Ablation,0,34,105,3,118668.0,1036417,128439.0,0.5197707875535699,99.96749804791604,1.0,1.0,0.6095238095238096,33511.22857142857,114938.0,0.4144430044318062,0.19733679199998733,0.027051624998421175,4.831574333009485,ok,247107.0,247107.0,7798.564212079081,1312.1860480064038,0.3901585561210123,1.0857552295152615,2.6616119717773326,0.9314,2.947257199376374
GP_Matern52_PI,Acquisition Ablation,0,35,108,3,118668.0,1036417,128439.0,0.5197707875535699,99.96749804791604,1.0,1.0,0.6203703703703703,34645.666666666664,86624.0,0.2584816555847314,0.17954866699801642,0.032400667001638794,5.04352366700914,ok,247107.0,247107.0,7608.105092230913,1268.732507061527,0.39089220599117186,1.098311872546423,2.671904860664783,0.931,2.967693857130937
GP_Matern52_PI,Acquisition Ablation,0,36,111,3,118668.0,1036417,128439.0,0.5197707875535699,99.96749804791604,1.0,1.0,0.6306306306306306,35685.91891891892,109924.0,0.40994021524691626,0.24677737499951036,0.048290916998666944,5.338591959007317,ok,247107.0,247107.0,7520.684416885649,1255.273925221477,0.38914704358410446,1.112068649323922,2.7271646906583866,0.9278,2.981930398421253
GP_Matern52_PI,Acquisition Ablation,0,37,114,3,118668.0,1036417,128439.0,0.5197707875535699,99.96749804791604,1.0,1.0,0.6403508771929824,37291.38596491228,106660.0,0.28008004298941563,0.20935270900008618,0.04243058300198754,5.590375251009391,ok,247107.0,247107.0,7344.761312013801,1227.1585914254001,0.39056903790125996,1.121337264666004,2.7472220020891287,0.929,3.0372262551168356
GP_Matern52_PI,Acquisition Ablation,0,38,117,3,130750.0,1120833,116357.0,0.47087698851104987,99.98138062654192,1.0,1.0,0.6495726495726496,39362.08547008547,130750.0,0.3437696270689579,0.7357038749978528,0.04063891699843225,6.366718043005676,ok,247107.0,247107.0,7342.591515708995,1227.0153032285505,0.3902978811189965,1.1253707727841917,2.761704886262706,0.9288,3.0457352645784863
GP_Matern52_PI,Acquisition Ablation,0,39,120,3,130750.0,1120833,116357.0,0.47087698851104987,99.98138062654192,1.0,1.0,0.6416666666666667,39109.05,87722.0,0.9466384184292668,0.5636798329978774,0.04693749999933061,6.977335376002884,ok,247107.0,247107.0,7366.4667201714265,1230.9651780179365,0.3902053926161412,1.131942432597333,2.764586619465812,0.9276,3.0669722619660322
GP_Matern52_PI,Acquisition Ablation,0,40,123,3,130750.0,1120833,116357.0,0.47087698851104987,99.98138062654192,1.0,1.0,0.6341463414634146,39053.666666666664,110515.0,1.1445722879652755,0.2785023750002438,0.03892479200294474,7.2947625430060725,ok,247107.0,247107.0,7366.633479916901,1232.0396092502567,0.39362870716272025,1.100909349637757,2.7450486691157088,0.9272,2.974633234125431
GP_Matern52_PI,Acquisition Ablation,0,41,126,3,130750.0,1120833,116357.0,0.47087698851104987,99.98138062654192,1.0,1.0,0.6428571428571429,40253.97619047619,111268.0,0.43010034147066317,0.20132216699857963,0.043772458000603365,7.5398571680052555,ok,247107.0,247107.0,7365.280081071631,1231.73774389599,0.3947321841666242,1.0823761024604701,2.7354489907722104,0.9272,2.9268272220061333
GP_Matern52_PI,Acquisition Ablation,0,42,129,3,130750.0,1120833,116357.0,0.47087698851104987,99.98138062654192,1.0,1.0,0.6511627906976745,41932.558139534885,119892.0,0.40289739364735383,0.14166079200003878,0.04502599999977974,7.726543960005074,ok,247107.0,247107.0,7370.177831462452,1230.4638405662674,0.39439331241334474,1.0947767339966756,2.7609095040267233,0.9254,2.9246750523598246
GP_Matern52_PI,Acquisition Ablation,0,43,132,3,130750.0,1120833,116357.0,0.47087698851104987,99.98138062654192,1.0,1.0,0.6515151515151515,42536.795454545456,111768.0,1.1359933463832128,0.334780958997726,0.04389687499860884,8.105221794001409,ok,247107.0,247107.0,7358.604207788452,1228.9251804967553,0.39426402439339703,1.0984344978922063,2.7746828659458074,0.9246,2.932809814829206
GP_Matern52_PI,Acquisition Ablation,0,44,135,3,130750.0,1120833,116357.0,0.47087698851104987,99.98138062654192,1.0,1.0,0.6518518518518519,42918.38518518519,100673.0,1.048191112893745,0.3974790829997801,0.044146542000817135,8.546847419002006,ok,247107.0,247107.0,7352.721993047096,1228.1576232108623,0.3946895433964878,1.094765864306206,2.782913041177999,0.9242,2.909212061055089
GP_Matern52_PI,Acquisition Ablation,0,45,138,3,130750.0,1120833,116357.0,0.47087698851104987,99.98138062654192,1.0,1.0,0.6594202898550725,43962.05072463768,114704.0,0.5999030626095191,0.4738267499997164,0.04033904199968674,9.06101321100141,ok,247107.0,247107.0,7069.55751376973,1173.1431630005532,0.40102879697811394,1.0531884360320336,2.7446805045446387,0.9312,2.878063997594896
GP_Matern52_PI,Acquisition Ablation,0,46,141,3,151226.0,1043958,95881.0,0.3880140991554266,99.99242768438589,1.0,1.0,0.6666666666666666,45158.255319148935,151226.0,0.350372062836043,0.5090748330003407,0.05143479199978174,9.621522836001532,ok,247107.0,247107.0,6707.410287719272,1120.195290250349,0.4021466767055699,1.054889539217239,2.7498889517658043,0.93,2.862459094242704
GP_Matern52_PI,Acquisition Ablation,0,47,144,3,159714.0,1043473,87393.0,0.35366460683023954,99.99541071780963,1.0,1.0,0.6736111111111112,46750.916666666664,159714.0,0.2834412126787355,0.26617262499712524,0.02886262500032899,9.916558085998986,ok,247107.0,247107.0,6382.789198567531,1074.571879496173,0.40077516096049143,1.0536472422133754,2.7487826384083274,0.9312,2.9069589969577203
GP_Matern52_PI,Acquisition Ablation,0,48,147,3,159714.0,1043473,87393.0,0.35366460683023954,99.99541071780963,1.0,1.0,0.6666666666666666,46412.60544217687,90521.0,1.0923292167524612,0.3737727919979079,0.03894229200159316,10.329273169998487,ok,247107.0,247107.0,6408.9703864480725,1077.1381893419739,0.404120334052423,1.0478757061501058,2.729121625238652,0.9294,2.8302279974784446
GP_Matern52_PI,Acquisition Ablation,0,49,150,3,159714.0,1043473,87393.0,0.35366460683023954,99.99541071780963,1.0,1.0,0.6666666666666666,46606.98,107511.0,1.1906661216208274,0.5392725000019709,0.040600791999167996,10.909146461999626,ok,247107.0,247107.0,6435.442453796631,1080.8126473906102,0.402790157472223,1.0432718912397807,2.7666723104983846,0.9288,2.7849397422897466
GP_Matern52_PI,Acquisition Ablation,1,0,3,3,0.0,6047398,247107.0,1.0,93.70319341923158,0.0,0.0,0.0,0.0,0.0,1.0430113993225636,0.0,0.0,0.0,initial,247107.0,247107.0,,,,,,,
GP_Matern52_PI,Acquisition Ablation,1,1,6,3,0.0,6047398,247107.0,1.0,93.70319341923158,0.0,0.0,0.0,0.0,0.0,1.1114828261942715,0.00010533299791859463,0.0036122910023550503,0.003717624000273645,constant_target_fallback,247107.0,247107.0,7917.9183090633105,1413.8866,0.0,0.7939908874887035,3.8456615956198963,0.935,1.0
GP_Matern52_PI,Acquisition Ablation,1,2,9,3,0.0,6047398,247107.0,1.0,93.70319341923158,0.0,0.0,0.0,0.0,0.0,0.8508106819340862,7.450000339304097e-05,0.003993917001935188,0.007786041005601874,constant_target_fallback,247107.0,247107.0,7917.9183090633105,1413.8866,0.0,0.7939908874887035,3.8456615956198963,0.935,1.0
GP_Matern52_PI,Acquisition Ablation,1,3,12,3,48276.0,879288,198831.0,0.8046352389855407,99.24789860046562,1.0,0.0,0.08333333333333333,4023.0,48276.0,0.9815219875255069,8.183400132111274e-05,0.0080797500013432,0.015947625008266186,constant_target_fallback,247107.0,247107.0,7917.9183090633105,1413.8866,0.0,0.7939908874887035,3.8456615956198963,0.935,1.0
GP_Matern52_PI,Acquisition Ablation,1,4,15,3,48276.0,879288,198831.0,0.8046352389855407,99.24789860046562,1.0,0.0,0.2,6320.2,26524.0,0.5640618702645527,0.05284854099954828,0.014018541998666478,0.08281470800648094,ok,247107.0,247107.0,12400.374165462741,3435.9113719437437,0.07722110246354873,1.372542539854423,57.00178057868043,0.8934,1.8440234030214877
GP_Matern52_PI,Acquisition Ablation,1,5,18,3,48276.0,879288,198831.0,0.8046352389855407,99.24789860046562,1.0,0.0,0.2222222222222222,6016.666666666667,13497.0,0.4122961772381513,0.05951041699881898,0.01468541699796333,0.15701054200326325,ok,247107.0,247107.0,8168.279971063775,1566.0061056747059,0.24472164533568647,1.4530963303465774,5.739464555273388,0.934,2.813858354615113
GP_Matern52_PI,Acquisition Ablation,1,6,21,3,80646.0,878158,166461.0,0.673639354611565,99.7821402183056,1.0,0.0,0.3333333333333333,11529.714285714286,80646.0,0.4990062824814794,0.08084633299949928,0.01581504099885933,0.25367191600162187,ok,247107.0,247107.0,7814.961740864726,1388.46077335579,0.2930887184024541,1.47378016720624,2.4366949732713046,0.9584,3.250123791793698
GP_Matern52_PI,Acquisition Ablation,1,7,24,3,117423.0,880443,129684.0,0.5248090907987228,99.9649575524178,1.0,1.0,0.4166666666666667,23516.416666666668,117423.0,0.23114026797392495,0.04605900000024121,0.01646437499948661,0.3161952910013497,ok,247107.0,247107.0,7494.161515508961,1489.01539970382,0.26435578221558886,1.7126433474581728,3.943499553192926,0.9504,3.236567748973473
GP_Matern52_PI,Acquisition Ablation,1,8,27,3,117423.0,880443,129684.0,0.5248090907987228,99.9649575524178,1.0,1.0,0.4074074074074074,21147.444444444445,6587.0,0.7125434570926622,0.14939754199804156,0.00883741700090468,0.4744302500002959,ok,247107.0,247107.0,7854.696000150238,1615.8945179291347,0.2534824657826672,1.9600734568986233,4.491384508941748,0.9522,3.4868270998895663
GP_Matern52_PI,Acquisition Ablation,1,9,30,3,117423.0,880443,129684.0,0.5248090907987228,99.9649575524178,1.0,1.0,0.4666666666666667,25919.333333333332,92515.0,0.16906957930914915,0.04980991600314155,0.010477125000761589,0.5347172910041991,ok,247107.0,247107.0,7138.901836666206,1234.330878281533,0.34912323356603836,1.5527504057317836,2.504540351076354,0.9848,3.7809986211921633
GP_Matern52_PI,Acquisition Ablation,1,10,33,3,117423.0,880443,129684.0,0.5248090907987228,99.9649575524178,1.0,1.0,0.5151515151515151,29611.121212121212,107704.0,0.4722558078742542,0.02678724999714177,0.020057083002029685,0.5815616240033705,ok,247107.0,247107.0,7200.868573376548,1254.8502311675709,0.3424870973467567,1.5854169954263244,2.537522789484723,0.9828,3.9109684481223965
GP_Matern52_PI,Acquisition Ablation,1,11,36,3,117423.0,880443,129684.0,0.5248090907987228,99.9649575524178,1.0,1.0,0.5277777777777778,27667.694444444445,16162.0,0.44957987131736293,0.08523254199826624,0.01408229200023925,0.680876458001876,ok,247107.0,247107.0,7092.785337208494,1240.009304095719,0.3358934582762507,1.6877330680699596,2.6132468021918793,0.9832,4.156994429124649
GP_Matern52_PI,Acquisition Ablation,1,12,39,3,117423.0,880443,129684.0,0.5248090907987228,99.9649575524178,1.0,1.0,0.5384615384615384,25626.897435897437,1976.0,0.5548246522554078,0.06463679200169281,0.021633208001730964,0.7671464580052998,ok,247107.0,247107.0,71986.70701568767,4241.360763393901,0.23809560961417592,2.6464931353514283,2.9559203064917297,0.9936,5.3989374143518125
GP_Matern52_PI,Acquisition Ablation,1,13,42,3,117423.0,880443,129684.0,0.5248090907987228,99.9649575524178,1.0,1.0,0.5714285714285714,27243.428571428572,88741.0,0.4975372726042304,0.11392979199808906,0.01607483299812884,0.8971510830015177,ok,247107.0,247107.0,7588.310012525963,1545.0747662816661,0.2404666342998449,3.065874899436401,3.175157801198102,0.9922,5.009857264091542
GP_Matern52_PI,Acquisition Ablation,1,14,45,3,117423.0,880443,129684.0,0.5248090907987228,99.9649575524178,1.0,1.0,0.6,28428.71111111111,50636.0,0.48149490658749183,0.08922474999781116,0.019662834001792362,1.0060386670011212,ok,247107.0,247107.0,7457.346644938832,1582.1818194732357,0.23719511891543654,3.2828642981515337,3.2036899445582225,0.9932,5.055534008474756
GP_Matern52_PI,Acquisition Ablation,1,15,48,3,117423.0,880443,129684.0,0.5248090907987228,99.9649575524178,1.0,1.0,0.5833333333333334,28951.0,110356.0,0.4991486002024963,0.10438908300056937,0.015388083000289043,1.1258158330019796,ok,247107.0,247107.0,7372.810546522386,1650.2996744430347,0.23206030896723678,3.4253035850931295,3.248353992618726,0.993,5.231730368476173
GP_Matern52_PI,Acquisition Ablation,1,16,51,3,117423.0,880443,129684.0,0.5248090907987228,99.9649575524178,1.0,1.0,0.5882352941176471,28145.725490196077,42686.0,0.7761213407147602,0.14113787499809405,0.014509291999274865,1.2814629999993485,ok,247107.0,247107.0,8719.564934608434,1550.1603407579628,0.18786496555929624,2.9033673574057457,3.072451982777732,0.9952,5.870016886611169
GP_Matern52_PI,Acquisition Ablation,1,17,54,3,117423.0,880443,129684.0,0.5248090907987228,99.9649575524178,1.0,1.0,0.6111111111111112,30322.777777777777,104072.0,0.4889462019943344,0.18107887499718345,0.017635666001297068,1.480177540997829,ok,247107.0,247107.0,7562.345609612655,1631.0572706370854,0.2062078545749849,3.3117093049156394,3.1822355824197737,0.9948,5.7131818152238685
GP_Matern52_PI,Acquisition Ablation,1,18,57,3,117423.0,880443,129684.0,0.5248090907987228,99.9649575524178,1.0,1.0,0.631578947368421,31485.280701754386,57768.0,0.45498538219433016,0.17808758300088812,0.01458016699689324,1.6728452909956104,ok,247107.0,247107.0,7247.016045226101,1624.8552256847738,0.15774718360713622,3.368964218428012,3.2087383459914816,0.9948,6.106616077960333
GP_Matern52_PI,Acquisition Ablation,1,19,60,3,117423.0,880443,129684.0,0.5248090907987228,99.9649575524178,1.0,1.0,0.65,32353.0,52129.0,0.32546641688953754,0.2168000830024539,0.025972458999603987,1.9156178329976683,ok,247107.0,247107.0,7130.519093829234,1684.0052349716893,0.159073449540703,3.453521223504171,3.2417586273859804,0.9942,6.372062692187352
GP_Matern52_PI,Acquisition Ablation,1,20,63,3,117423.0,880443,129684.0,0.5248090907987228,99.9649575524178,1.0,1.0,0.6666666666666666,32833.30158730159,50322.0,0.552526706739068,0.10963241700301296,0.035418125000433065,2.0606683750011143,ok,247107.0,247107.0,7023.921454160272,1512.3226441316128,0.14677423642764156,3.144788511954634,3.2060170483246977,0.992,6.753734646572411
GP_Matern52_PI,Acquisition Ablation,1,21,66,3,117423.0,880443,129684.0,0.5248090907987228,99.9649575524178,1.0,1.0,0.6818181818181818,32717.530303030304,45113.0,0.2955737367437485,0.17383070800133282,0.025789749997784384,2.2602888330002315,ok,247107.0,247107.0,6981.205019291306,1543.9902107856617,0.1431523323171449,3.176182284787254,3.2104316198949636,0.9918,6.669440327070105
GP_Matern52_PI,Acquisition Ablation,1,22,69,3,117423.0,880443,129684.0,0.5248090907987228,99.9649575524178,1.0,1.0,0.6956521739130435,31687.333333333332,11178.0,0.31759076252855156,0.17420337500152527,0.02697933300078148,2.4614715410025383,ok,247107.0,247107.0,6991.821229325194,1991.298870278995,0.18372093067380482,3.6930041821406485,3.3079719764959323,0.9924,6.5220188945081174
GP_Matern52_PI,Acquisition Ablation,1,23,72,3,117423.0,880443,129684.0,0.5248090907987228,99.9649575524178,1.0,1.0,0.6666666666666666,30367.027777777777,0.0,0.8067403467536828,0.18230779199802782,0.025260334001359297,2.6690396670019254,ok,247107.0,247107.0,6863.577773102944,1540.6729721575332,0.1622281361819735,3.167325118276812,3.2176630048336565,0.9908,6.751232241448688
GP_Matern52_PI,Acquisition Ablation,1,24,75,3,117423.0,880443,129684.0,0.5248090907987228,99.9649575524178,1.0,1.0,0.6533333333333333,30438.81333333333,96485.0,0.5598852918225686,0.1813764580001589,0.018746749999991152,2.8691628750020755,ok,247107.0,247107.0,6897.871226786088,1814.406893520702,0.03563694379860381,3.592193710506489,3.2826068348274116,0.9906,6.1977952419436955
GP_Matern52_PI,Acquisition Ablation,1,25,78,3,150817.0,1052038,96290.0,0.38966925259098284,99.99224739115698,1.0,1.0,0.6666666666666666,33160.64102564102,150817.0,0.27533599424430366,0.1535158330007107,0.025245208998967428,3.0479239170017536,ok,247107.0,247107.0,6928.16669756735,1445.530583483172,0.09147891653147242,3.019100869738112,3.161216167048365,0.9902,6.235497965308979
GP_Matern52_PI,Acquisition Ablation,1,26,81,3,150817.0,1052038,96290.0,0.38966925259098284,99.99224739115698,1.0,1.0,0.6419753086419753,31932.46913580247,0.0,1.4763466712657263,0.2452230420021806,0.01842825000130688,3.311575209005241,ok,247107.0,247107.0,6953.95595041086,1475.7761225721495,0.08470202844524195,3.0436209037569477,3.1780454135860126,0.9896,6.3630054083667416
GP_Matern52_PI,Acquisition Ablation,1,27,84,3,150817.0,1052038,96290.0,0.38966925259098284,99.99224739115698,1.0,1.0,0.6190476190476191,30792.02380952381,0.0,0.7204837411328394,0.29114045800088206,0.02854420799849322,3.6312598750046163,ok,247107.0,247107.0,6923.3276829059705,1663.4232933137498,0.05614113287689252,3.4438125584353694,3.241070042552939,0.9916,6.005562673046409
GP_Matern52_PI,Acquisition Ablation,1,28,87,3,150817.0,1052038,96290.0,0.38966925259098284,99.99224739115698,1.0,1.0,0.6206896551724138,32350.149425287356,117657.0,0.9385635731517835,0.25879949999944074,0.01823412500016275,3.90829350000422,ok,247107.0,247107.0,7104.185282345139,1380.521641696606,0.062116270321356935,2.827209816430185,3.1144160865323536,0.9882,5.8847308953650135
GP_Matern52_PI,Acquisition Ablation,1,29,90,3,150817.0,1052038,96290.0,0.38966925259098284,99.99224739115698,1.0,1.0,0.6333333333333333,33757.9,110832.0,0.8958040458484352,0.2101987919995736,0.020169041999906767,4.1386613340037,ok,247107.0,247107.0,6951.7194641698525,1318.9308187144163,0.12007244834826124,2.720550907637613,3.0944859434537615,0.988,5.913428843584828
GP_Matern52_PI,Acquisition Ablation,1,30,93,3,150817.0,1052038,96290.0,0.38966925259098284,99.99224739115698,1.0,1.0,0.6451612903225806,36479.655913978495,142662.0,0.27986320246162694,0.25909908300309326,0.03117125000062515,4.428931667007419,ok,247107.0,247107.0,6906.618432642441,1308.4192467758796,0.11294415192650921,2.7000311218466115,3.1066646537939966,0.987,6.018366875992723
GP_Matern52_PI,Acquisition Ablation,1,31,96,3,150817.0,1052038,96290.0,0.38966925259098284,99.99224739115698,1.0,1.0,0.625,35339.666666666664,0.0,0.9669089183621956,0.13927891700222972,0.04836050000085379,4.616571084010502,ok,247107.0,247107.0,6898.283116825569,1313.5115680066428,0.11607590191544943,2.7087935553470133,3.119112479568411,0.9868,6.110716960687543
GP_Matern52_PI,Acquisition Ablation,1,32,99,3,150817.0,1052038,96290.0,0.38966925259098284,99.99224739115698,1.0,1.0,0.6161616161616161,35410.27272727273,113009.0,1.2351121675348782,0.28396608299954096,0.03785575000074459,4.938392917010788,ok,247107.0,247107.0,6900.790605970166,1263.515894576386,0.1377517880502878,2.551618066845479,3.0697655616029893,0.9866,5.895553046572679
GP_Matern52_PI,Acquisition Ablation,1,33,102,3,150817.0,1052038,96290.0,0.38966925259098284,99.99224739115698,1.0,1.0,0.5980392156862745,34368.794117647056,0.0,1.0968736400961723,0.21715599999879487,0.024362708001717692,5.1799116250113,ok,247107.0,247107.0,6905.239283439641,1255.5723249571174,0.14275049911200222,2.5054637209723727,3.0520669963671114,0.9864,5.757371632006347
GP_Matern52_PI,Acquisition Ablation,1,34,105,3,150817.0,1052038,96290.0,0.38966925259098284,99.99224739115698,1.0,1.0,0.580952380952381,33386.828571428574,0.0,1.573737826698564,0.22723691699866322,0.023965790998772718,5.431114333008736,ok,247107.0,247107.0,6909.8349185845855,1238.7763200128586,0.15529922144523597,2.4158870196924256,3.0178974802206846,0.9866,5.5648292988315475
GP_Matern52_PI,Acquisition Ablation,1,35,108,3,150817.0,1052038,96290.0,0.38966925259098284,99.99224739115698,1.0,1.0,0.5925925925925926,34205.7037037037,90207.0,0.6651031854529107,0.2854902500002936,0.033243791996937944,5.749848375005968,ok,247107.0,247107.0,6914.179240476905,1221.9217152104095,0.17147292468846873,2.3024769170533124,2.981066971350956,0.9866,5.433421989847316
GP_Matern52_PI,Acquisition Ablation,1,36,111,3,150817.0,1052038,96290.0,0.38966925259098284,99.99224739115698,1.0,1.0,0.6036036036036037,35354.036036036036,114015.0,0.4443645327538055,0.2019250830016972,0.02850583300096332,5.980279291008628,ok,247107.0,247107.0,6471.577026634496,1152.699668409076,0.2003687667995222,2.2950921998420277,2.978070450546387,0.986,5.4274781127701255
GP_Matern52_PI,Acquisition Ablation,1,37,114,3,150817.0,1052038,96290.0,0.38966925259098284,99.99224739115698,1.0,1.0,0.6140350877192983,36067.59649122807,98557.0,0.5801217676215666,0.16952308300096774,0.02502762499716482,6.174829999006761,ok,247107.0,247107.0,6262.798592497903,1104.0292197598624,0.20178938368677357,2.2925326308355527,2.9871937572534253,0.9858,5.495080446757493
GP_Matern52_PI,Acquisition Ablation,1,38,117,3,150817.0,1052038,96290.0,0.38966925259098284,99.99224739115698,1.0,1.0,0.6239316239316239,36275.13675213675,55442.0,0.7007435208347254,0.30006191699794726,0.022078416997828754,6.496970333002537,ok,247107.0,247107.0,6230.958137598718,1098.5328152215325,0.20320199119010637,2.2644133775148765,2.9901190749518136,0.9842,5.5443678093995565
GP_Matern52_PI,Acquisition Ablation,1,39,120,3,150817.0,1052038,96290.0,0.38966925259098284,99.99224739115698,1.0,1.0,0.625,36342.63333333333,111123.0,0.9774904841118014,0.23825208299967926,0.02987924999979441,6.7651016660020105,ok,247107.0,247107.0,6159.157912576718,1075.2321737502994,0.20583291008806603,2.2562638434342395,2.9908508537905005,0.9826,5.518911303711307
GP_Matern52_PI,Acquisition Ablation,1,40,123,3,150817.0,1052038,96290.0,0.38966925259098284,99.99224739115698,1.0,1.0,0.6178861788617886,35908.13821138212,55585.0,1.4031938346316426,0.22255320800104528,0.04286983299971325,7.030524707002769,ok,247107.0,247107.0,6159.982889110666,1066.8269240042052,0.210521736745887,2.213794600780505,2.9823228255354532,0.9822,5.48655996972453
GP_Matern52_PI,Acquisition Ablation,1,41,126,3,150817.0,1052038,96290.0,0.38966925259098284,99.99224739115698,1.0,1.0,0.626984126984127,37021.357142857145,134941.0,0.3900215873757591,0.18464733300061198,0.05066958299721591,7.265841623000597,ok,247107.0,247107.0,6119.327844973372,1046.7528464572397,0.22000358764978598,2.1281311004102967,2.959398228289491,0.9818,5.41953808362362
GP_Matern52_PI,Acquisition Ablation,1,42,129,3,150817.0,1052038,96290.0,0.38966925259098284,99.99224739115698,1.0,1.0,0.6356589147286822,37504.62790697674,112077.0,0.6574231714923835,0.16318058400065638,0.03463125000052969,7.463653457001783,ok,247107.0,247107.0,6125.049395413405,1041.7582663765008,0.22235211193374688,2.1277088394124775,2.961774059711655,0.9812,5.460296470731732
GP_Matern52_PI,Acquisition Ablation,1,43,132,3,150817.0,1052038,96290.0,0.38966925259098284,99.99224739115698,1.0,1.0,0.6287878787878788,37178.32575757576,69442.0,1.1714927467678053,0.3530174170009559,0.029746792002697475,7.846417666005436,ok,247107.0,247107.0,6162.019761979504,1043.337312533531,0.22254806680256564,2.107305128611724,2.9696571969336403,0.98,5.488929826866895
GP_Matern52_PI,Acquisition Ablation,1,44,135,3,150817.0,1052038,96290.0,0.38966925259098284,99.99224739115698,1.0,1.0,0.6148148148148148,36352.14074074074,0.0,1.0767118060529814,0.2638420830007817,0.024200334002671298,8.13446008300889,ok,247107.0,247107.0,6078.507276706036,1027.6532062888273,0.22745303000418562,2.0910692259764154,2.9487967743897396,0.9806,5.422055920689875
GP_Matern52_PI,Acquisition Ablation,1,45,138,3,150817.0,1052038,96290.0,0.38966925259098284,99.99224739115698,1.0,1.0,0.6159420289855072,35705.55072463768,11448.0,0.7609989456354699,0.4788107909989776,0.03824258299937355,8.65151345700724,ok,247107.0,247107.0,6084.846764384202,1018.8475068941024,0.23703487223026287,1.9849369439312388,2.9131284775873,0.9804,5.283605678132767
GP_Matern52_PI,Acquisition Ablation,1,46,141,3,150817.0,1052038,96290.0,0.38966925259098284,99.99224739115698,1.0,1.0,0.6028368794326241,34945.85815602837,0.0,0.8107691792231755,0.35841562499990687,0.05380275000061374,9.063731832007761,ok,247107.0,247107.0,6089.359781033477,1011.4622791075285,0.24402371755313726,1.9104439837885319,2.8952187331207013,0.9806,5.237033988524376
GP_Matern52_PI,Acquisition Ablation,1,47,144,3,150817.0,1052038,96290.0,0.38966925259098284,99.99224739115698,1.0,1.0,0.5972222222222222,34728.354166666664,73517.0,0.9598249166791053,0.4202052089967765,0.04374608299985994,9.527683124004398,ok,247107.0,247107.0,6091.542931425612,1008.7601656203989,0.2487459594599653,1.8469534252570752,2.8670513502327415,0.9804,5.091471003560195
GP_Matern52_PI,Acquisition Ablation,1,48,147,3,150817.0,1052038,96290.0,0.38966925259098284,99.99224739115698,1.0,1.0,0.5850340136054422,34019.61224489796,0.0,1.1786345260707929,0.42647804099760833,0.04919191699809744,10.003353082000103,ok,247107.0,247107.0,6112.049237273546,1011.4459536510691,0.25039008570734717,1.8156298778312907,2.857956578976471,0.9798,5.0209055299379886
GP_Matern52_PI,Acquisition Ablation,1,49,150,3,150817.0,1052038,96290.0,0.38966925259098284,99.99224739115698,1.0,1.0,0.5866666666666667,34140.806666666664,116740.0,0.9178635740159832,0.3256563329996425,0.04617920800228603,10.375188623002032,ok,247107.0,247107.0,6114.283329756111,1010.0600623734994,0.2528373026796633,1.7615905513442631,2.8325104385235798,0.9794,4.899860378587967
GP_Matern52_PI,Acquisition Ablation,2,0,3,3,0.0,2729609,247107.0,1.0,93.70319341923158,0.0,0.0,0.0,0.0,0.0,0.47049671902245843,0.0,0.0,0.0,initial,247107.0,247107.0,,,,,,,
GP_Matern52_PI,Acquisition Ablation,2,1,6,3,0.0,2729609,247107.0,1.0,93.70319341923158,0.0,0.0,0.0,0.0,0.0,1.3327615699356326,0.00011037500007660128,0.006063249998987885,0.0061736249990644865,constant_target_fallback,247107.0,247107.0,7992.336081909969,1363.7274,0.0,0.8102606103318564,3.884107341202348,0.9316,1.0
GP_Matern52_PI,Acquisition Ablation,2,2,9,3,0.0,2729609,247107.0,1.0,93.70319341923158,0.0,0.0,0.0,0.0,0.0,0.9096459746133699,8.049999814829789e-05,0.005824832998769125,0.01207895799598191,constant_target_fallback,247107.0,247107.0,7992.336081909969,1363.7274,0.0,0.8102606103318564,3.884107341202348,0.9316,1.0
GP_Matern52_PI,Acquisition Ablation,2,3,12,3,1669.0,447094,245438.0,0.993245840870554,94.23378000161281,0.0,0.0,0.08333333333333333,139.08333333333334,1669.0,1.0896375235890672,7.099999857018702e-05,0.004777292000653688,0.016927249995205784,constant_target_fallback,247107.0,247107.0,7992.336081909969,1363.7274,0.0,0.8102606103318564,3.884107341202348,0.9316,1.0
GP_Matern52_PI,Acquisition Ablation,2,4,15,3,6481.0,1995816,240626.0,0.9737724953157944,95.63015105950136,0.0,0.0,0.2,847.4666666666667,6481.0,0.6748442548956787,0.038537124997674255,0.011447249999037012,0.06691162499191705,ok,247107.0,247107.0,7921.366369274681,1467.3036038182452,0.01482236344042015,1.2953539325322145,126.26425717905974,0.8496,0.8332661318277081
GP_Matern52_PI,Acquisition Ablation,2,5,18,3,52260.0,863168,194847.0,0.7885126686010514,99.38782253639137,1.0,0.0,0.2777777777777778,3965.8333333333335,52260.0,0.5199382479965754,0.06157883299965761,0.01635658300074283,0.1448470409923175,ok,247107.0,247107.0,8047.597513122354,1722.879770917378,0.03289057179328163,1.9961656191144197,65.68337968932657,0.855,1.8842460829252345
GP_Matern52_PI,Acquisition Ablation,2,6,21,3,52260.0,863168,194847.0,0.7885126686010514,99.38782253639137,1.0,0.0,0.23809523809523808,3399.285714285714,0.0,0.3972059222006932,0.08068708299833816,0.027987957997538615,0.25352208198819426,ok,247107.0,247107.0,9047.272054135829,2106.581563297576,0.03691514127160597,2.2107299762616908,8.967081275084523,0.8468,3.091897659616409
GP_Matern52_PI,Acquisition Ablation,2,7,24,3,52260.0,863168,194847.0,0.7885126686010514,99.38782253639137,1.0,0.0,0.3333333333333333,7333.958333333333,42628.0,0.421050643334421,0.05924795800092397,0.015118374998564832,0.32788841498768306,ok,247107.0,247107.0,7762.766194296733,1409.1434758892874,0.1260544087901177,1.4626443087294694,6.0195971463566815,0.9354,3.0474819215512583
GP_Matern52_PI,Acquisition Ablation,2,8,27,3,106865.0,861259,140242.0,0.5675355210495858,99.93148857301514,1.0,1.0,0.4074074074074074,13601.74074074074,106865.0,0.43074791549502073,0.0712937909993343,0.016830374999699416,0.4160125809867168,ok,247107.0,247107.0,7813.337500839122,1386.8036166630984,0.12570221360361372,1.8301203898120875,38.78955799720886,0.9386,3.1103224462780186
GP_Matern52_PI,Acquisition Ablation,2,9,30,3,106865.0,861259,140242.0,0.5675355210495858,99.93148857301514,1.0,1.0,0.4666666666666667,15607.566666666668,53148.0,0.2392845296176744,0.06644395799958147,0.012976207999599865,0.4954327469858981,ok,247107.0,247107.0,7465.109280408161,1365.0346401815254,0.12511973296513454,2.152414927191451,3.9963252007797587,0.9398,3.499650335092732
GP_Matern52_PI,Acquisition Ablation,2,10,33,3,138905.0,775857,108202.0,0.43787509054781937,99.9871664001605,1.0,1.0,0.5151515151515151,23135.090909090908,138905.0,0.392953146712206,0.044317875002889195,0.014241041000786936,0.5539916629895743,ok,247107.0,247107.0,7047.204415270333,1235.1735988981357,0.10394791171591705,2.4057488004426806,2.985628675940902,0.9712,3.9458227980684826
GP_Matern52_PI,Acquisition Ablation,2,11,36,3,138905.0,775857,108202.0,0.43787509054781937,99.9871664001605,1.0,1.0,0.5555555555555556,27804.472222222223,90348.0,0.6083149433139089,0.047954583998944145,0.016208541997912107,0.6181547889864305,ok,247107.0,247107.0,6818.961275800871,1219.076455580575,0.11694230104256433,2.29048454586619,2.9425804057795344,0.9456,3.9697690903795437
GP_Matern52_PI,Acquisition Ablation,2,12,39,3,138905.0,775857,108202.0,0.43787509054781937,99.9871664001605,1.0,1.0,0.5897435897435898,30236.74358974359,106238.0,0.5596506230343979,0.0917660410013923,0.01038574999984121,0.720306579987664,ok,247107.0,247107.0,6445.643320890681,1175.0217227957864,0.27604857590809784,1.6842415200637082,2.7940592020572383,0.946,3.6070854184576397
GP_Matern52_PI,Acquisition Ablation,2,13,42,3,138905.0,775857,108202.0,0.43787509054781937,99.9871664001605,1.0,1.0,0.5476190476190477,28076.97619047619,0.0,0.5135170315917486,0.06346429200129933,0.023005791998002678,0.806776663986966,ok,247107.0,247107.0,6797.126280273858,1226.5041501784788,0.28114900202395304,1.671945361859037,2.8725194132487015,0.9396,3.4912620764544657
GP_Matern52_PI,Acquisition Ablation,2,14,45,3,138905.0,775857,108202.0,0.43787509054781937,99.9871664001605,1.0,1.0,0.5777777777777777,30201.844444444443,92293.0,0.43232880587185774,0.1353557920010644,0.02238887500061537,0.9645213309886458,ok,247107.0,247107.0,9444.667704847636,1337.2164453924477,0.23210601193434974,2.1503625290384805,2.8097927402530223,0.9774,4.412205686175561
GP_Matern52_PI,Acquisition Ablation,2,15,48,3,138905.0,775857,108202.0,0.43787509054781937,99.9871664001605,1.0,1.0,0.6041666666666666,31270.541666666668,90884.0,0.5261269294515297,0.1005528339992452,0.050574249999044696,1.1156484149869357,ok,247107.0,247107.0,6309.33305719636,1160.038755083721,0.21355321694124899,2.3107857390060285,2.8689122847432715,0.9766,4.487362356127154
GP_Matern52_PI,Acquisition Ablation,2,16,51,3,158559.0,871630,88548.0,0.35833869538297175,99.99483705753583,1.0,1.0,0.6274509803921569,36453.8431372549,158559.0,0.35854920082087904,0.2085510830002022,0.0197241669993673,1.3439236649865052,ok,247107.0,247107.0,5809.098174193487,1056.5635483649696,0.23457244433555755,2.1643369881585923,2.8310478479777914,0.9726,4.507924357846709
GP_Matern52_PI,Acquisition Ablation,2,17,54,3,158559.0,871630,88548.0,0.35833869538297175,99.99483705753583,1.0,1.0,0.5925925925925926,34428.62962962963,0.0,0.637461006650702,0.09932995899725938,0.0378482919986709,1.4811019159824355,ok,247107.0,247107.0,5946.488923761482,1077.0972904281914,0.232604889784541,2.1863151319035294,2.8487797921190854,0.97,4.558118280111067
GP_Matern52_PI,Acquisition Ablation,2,18,57,3,217713.0,776383,29394.0,0.1189525185445981,99.9994263397262,1.0,1.0,0.6140350877192983,38510.14035087719,217713.0,0.4235205156812936,0.15907654200054822,0.03572316700228839,1.675901624985272,ok,247107.0,247107.0,6016.858664436135,1034.2559791433298,0.30221694996062526,1.8559575601798242,2.7086265388029767,0.982,4.598862191256579
GP_Matern52_PI,Acquisition Ablation,2,19,60,3,217713.0,776383,29394.0,0.1189525185445981,99.9994263397262,1.0,1.0,0.6166666666666667,39532.3,89064.0,0.26846166653011766,0.12142108400075813,0.05731037499936065,1.8546330839853908,ok,247107.0,247107.0,6338.9330002876795,1167.62500234682,0.32261110970431955,1.8071902694010886,2.7502703460903657,0.9632,4.325160010428166
GP_Matern52_PI,Acquisition Ablation,2,20,63,3,217713.0,776383,29394.0,0.1189525185445981,99.9994263397262,1.0,1.0,0.5873015873015873,37649.80952380953,0.0,1.2328219030814955,0.16801249999844003,0.02261687500140397,2.045262458985235,ok,247107.0,247107.0,5923.615954254943,1007.7541043416315,0.2802089733401435,1.8605887732028858,2.7466968023847156,0.9764,4.743372294777583
GP_Matern52_PI,Acquisition Ablation,2,21,66,3,217713.0,776383,29394.0,0.1189525185445981,99.9994263397262,1.0,1.0,0.6060606060606061,37825.742424242424,47761.0,0.21751804357260204,0.09134183299829601,0.0178500840011111,2.154454375984642,ok,247107.0,247107.0,5926.934502827307,991.365857968511,0.30015184638803527,1.6912138724762746,2.690396410313961,0.9746,4.562643026699795
GP_Matern52_PI,Acquisition Ablation,2,22,69,3,217713.0,776383,29394.0,0.1189525185445981,99.9994263397262,1.0,1.0,0.5797101449275363,36181.14492753623,0.0,0.5852691967233549,0.22305129199958174,0.02493191699977615,2.402437584984,ok,247107.0,247107.0,5886.444204495006,973.7576717061728,0.30358419805616516,1.7058823947540513,2.7016454125720384,0.9736,4.610642110480605
GP_Matern52_PI,Acquisition Ablation,2,23,72,3,217713.0,776383,29394.0,0.1189525185445981,99.9994263397262,1.0,1.0,0.5555555555555556,34673.59722222222,0.0,0.7486517743022748,0.18974195899863844,0.029302124999958323,2.6214816689825966,ok,247107.0,247107.0,5910.771869104514,973.3035536796406,0.3148450661329831,1.6092777862541512,2.6644396972554385,0.9742,4.442145668435714
GP_Matern52_PI,Acquisition Ablation,2,24,75,3,217713.0,776383,29394.0,0.1189525185445981,99.9994263397262,1.0,1.0,0.5466666666666666,33822.253333333334,40170.0,1.007375562724144,0.12334562500109314,0.021384166997449938,2.7662114609811397,ok,247107.0,247107.0,5904.425499855205,970.564463151358,0.3169363083021094,1.5541646694035378,2.632984915988224,0.9728,4.268149434909275
GP_Matern52_PI,Acquisition Ablation,2,25,78,3,217713.0,776383,29394.0,0.1189525185445981,99.9994263397262,1.0,1.0,0.5641025641025641,35716.97435897436,143485.0,0.6449165491106013,0.24669241700030398,0.01839800000016112,3.0313018779816048,ok,247107.0,247107.0,5684.108762912607,911.8101494686391,0.3357320082567462,1.4092381476221172,2.5811480485775005,0.9684,4.08020912747264
GP_Matern52_PI,Acquisition Ablation,2,26,81,3,217713.0,776383,29394.0,0.1189525185445981,99.9994263397262,1.0,1.0,0.5432098765432098,34394.12345679013,0.0,0.6527538681398174,0.24844845899860957,0.025226000001566717,3.304976336981781,ok,247107.0,247107.0,5666.071823503215,915.9483488938782,0.338045562265724,1.4122291232901567,2.5935915795081854,0.9684,4.104111517214345
GP_Matern52_PI,Acquisition Ablation,2,27,84,3,217713.0,776383,29394.0,0.1189525185445981,99.9994263397262,1.0,1.0,0.5357142857142857,33905.92857142857,62174.0,0.8468009478867983,0.16784700000062003,0.0322405830011121,3.505063919983513,ok,247107.0,247107.0,5662.000603669209,914.2565307366682,0.3404777552126509,1.360529664940522,2.560497120309187,0.9686,3.9609336738956524
GP_Matern52_PI,Acquisition Ablation,2,28,87,3,217713.0,776383,29394.0,0.1189525185445981,99.9994263397262,1.0,1.0,0.5517241379310345,35127.471264367814,103662.0,0.3059519997444569,0.15782941599900369,0.023920125000586268,3.686813460983103,ok,247107.0,247107.0,5762.966796379879,930.9425479419775,0.34323463360057754,1.2960162125666903,2.537118925931868,0.9652,3.849585164873309
GP_Matern52_PI,Acquisition Ablation,2,29,90,3,217713.0,776383,29394.0,0.1189525185445981,99.9994263397262,1.0,1.0,0.5444444444444444,35189.811111111114,110993.0,1.128233305177042,0.26646770799925434,0.021720500000810716,3.975001668983168,ok,247107.0,247107.0,5686.175287697858,921.4208137408305,0.34335234070569376,1.2919994925158718,2.5465529815436616,0.965,3.8371191265990214
GP_Matern52_PI,Acquisition Ablation,2,30,93,3,217713.0,776383,29394.0,0.1189525185445981,99.9994263397262,1.0,1.0,0.5376344086021505,35352.15053763441,120667.0,1.3173322302351107,0.21914162499888334,0.03430437499991967,4.228447668981971,ok,247107.0,247107.0,5674.998039245905,920.6762246614056,0.3464073006249728,1.2558541423638108,2.5293206327772566,0.963,3.7512965440088832
GP_Matern52_PI,Acquisition Ablation,2,31,96,3,217713.0,776383,29394.0,0.1189525185445981,99.9994263397262,1.0,1.0,0.5208333333333334,34247.395833333336,0.0,0.48438610967767765,0.345094500000414,0.02281333399878349,4.596355502981169,ok,247107.0,247107.0,5684.937220891393,922.3762181640891,0.3488575984421446,1.2305542835974799,2.516876812390654,0.9624,3.6622579777644626
GP_Matern52_PI,Acquisition Ablation,2,32,99,3,217713.0,776383,29394.0,0.1189525185445981,99.9994263397262,1.0,1.0,0.5353535353535354,36200.68686868687,144223.0,0.46113797368827975,0.14354216599895153,0.03021262499896693,4.770110293979087,ok,247107.0,247107.0,5741.983258616425,945.116973041785,0.35403338202727763,1.277096545303649,2.522357980166566,0.9674,3.8992523589633987
GP_Matern52_PI,Acquisition Ablation,2,33,102,3,217713.0,776383,29394.0,0.1189525185445981,99.9994263397262,1.0,1.0,0.5490196078431373,37026.91176470588,96824.0,0.5749027541140719,0.20174545799818588,0.033140958003059495,5.0049967099803325,ok,247107.0,247107.0,5343.350275130148,868.2248843428481,0.34215205204404636,1.2265590378729074,2.5118981758879078,0.9632,3.6588785518886717
GP_Matern52_PI,Acquisition Ablation,2,34,105,3,217713.0,776383,29394.0,0.1189525185445981,99.9994263397262,1.0,1.0,0.5428571428571428,37025.04761904762,110885.0,1.309076420489972,0.15827587499734364,0.029041875000984874,5.192314459978661,ok,247107.0,247107.0,5308.6509059196605,858.3929920386798,0.3529843959237841,1.2040384394991412,2.51467202439673,0.96,3.6063290304566644
GP_Matern52_PI,Acquisition Ablation,2,35,108,3,217713.0,776383,29394.0,0.1189525185445981,99.9994263397262,1.0,1.0,0.5555555555555556,38555.5,136564.0,0.23677332114438335,0.28788704199905624,0.022000749999278923,5.502202251976996,ok,247107.0,247107.0,5312.362079204847,858.8973950045265,0.35432550289987347,1.1781495439812373,2.4998187235292235,0.9594,3.5360732058393625
GP_Matern52_PI,Acquisition Ablation,2,36,111,3,217713.0,776383,29394.0,0.1189525185445981,99.9994263397262,1.0,1.0,0.5405405405405406,37513.45945945946,0.0,0.49947975853621474,0.34343770900159143,0.04513612499795272,5.89077608597654,ok,247107.0,247107.0,5252.48217904013,855.9602740898192,0.35312635964122085,1.184879068887344,2.4979618983269183,0.9594,3.581153644714451
GP_Matern52_PI,Acquisition Ablation,2,37,114,3,217713.0,776383,29394.0,0.1189525185445981,99.9994263397262,1.0,1.0,0.5526315789473685,38941.84210526316,109654.0,0.5587986551805417,0.6747616659995401,0.0308296250004787,6.596367376976559,ok,247107.0,247107.0,5263.636622485356,856.1322001698173,0.356642470192225,1.124556459773619,2.4585623084366524,0.9598,3.450167514557972
GP_Matern52_PI,Acquisition Ablation,2,38,117,3,217713.0,776383,29394.0,0.1189525185445981,99.9994263397262,1.0,1.0,0.5470085470085471,39308.794871794875,159759.0,0.9252820357952921,0.3918282500017085,0.044367667000187794,7.0325632939784555,ok,247107.0,247107.0,5265.551761108908,857.0624513762821,0.35732164305170483,1.1280030866654251,2.470069616052812,0.9594,3.4614637856623114
GP_Matern52_PI,Acquisition Ablation,2,39,120,3,217713.0,776383,29394.0,0.1189525185445981,99.9994263397262,1.0,1.0,0.55,39493.425,87254.0,0.7133367471733932,0.21515037500284961,0.031815792000998044,7.279529460982303,ok,247107.0,247107.0,5250.488613277495,854.4205293857526,0.35951045650986374,1.1155904344802265,2.462065821002696,0.959,3.4173057374303615
GP_Matern52_PI,Acquisition Ablation,2,40,123,3,217713.0,776383,29394.0,0.1189525185445981,99.9994263397262,1.0,1.0,0.5609756097560976,40818.19512195122,101948.0,0.20471009323051706,0.27726416700170375,0.03857458299899008,7.595368210982997,ok,247107.0,247107.0,5245.990232037705,853.7005915246125,0.3656317087300342,1.0843922214995085,2.444621418553438,0.9578,3.3134656051047626
GP_Matern52_PI,Acquisition Ablation,2,41,126,3,217713.0,776383,29394.0,0.1189525185445981,99.9994263397262,1.0,1.0,0.5634920634920635,41632.81746031746,115179.0,0.7051783596593899,0.44080133399984334,0.03900637499828008,8.07517591998112,ok,247107.0,247107.0,5236.931047971774,851.9544137713518,0.3663314269952148,1.088524264459294,2.4546604884973062,0.9566,3.315978518847122
GP_Matern52_PI,Acquisition Ablation,2,42,129,3,217713.0,776383,29394.0,0.1189525185445981,99.9994263397262,1.0,1.0,0.5581395348837209,41593.06976744186,119771.0,0.873281440291881,0.3790235839987872,0.03222791599910124,8.486427419979009,ok,247107.0,247107.0,5235.906368775472,851.4427658966287,0.3698063142269819,1.0661189297679157,2.4422357983736815,0.9562,3.2619045398796165
GP_Matern52_PI,Acquisition Ablation,2,43,132,3,217713.0,776383,29394.0,0.1189525185445981,99.9994263397262,1.0,1.0,0.553030303030303,41313.931818181816,87933.0,0.9648005779577963,0.38532362499972805,0.024174333997507347,8.895925378976244,ok,247107.0,247107.0,5233.462401188054,851.297510289881,0.37146364841006163,1.0622566573849284,2.437209656641798,0.9552,3.206404798914156
GP_Matern52_PI,Acquisition Ablation,2,44,135,3,217713.0,776383,29394.0,0.1189525185445981,99.9994263397262,1.0,1.0,0.562962962962963,42255.91111111111,109890.0,0.6342732055810272,0.30142220799825736,0.03617099999974016,9.233518586974242,ok,247107.0,247107.0,5237.20840075508,854.7417726400735,0.3734308845254439,1.048943407887956,2.431147119039703,0.9534,3.1311944545648576
GP_Matern52_PI,Acquisition Ablation,2,45,138,3,217713.0,776383,29394.0,0.1189525185445981,99.9994263397262,1.0,1.0,0.5507246376811594,41337.30434782609,0.0,0.5729088263820343,0.22372483399885823,0.03370441600054619,9.490947836973646,ok,247107.0,247107.0,5201.484761007002,849.4125863203133,0.37356740478151146,1.0525319435802498,2.4440229456642544,0.9524,3.1188728475340484
GP_Matern52_PI,Acquisition Ablation,2,46,141,3,217713.0,776383,29394.0,0.1189525185445981,99.9994263397262,1.0,1.0,0.5602836879432624,43170.936170212764,160514.0,0.1743203240021752,0.3313878329972795,0.03532137499860255,9.857657044969528,ok,247107.0,247107.0,5211.680116186879,850.6761257577025,0.37346892721786257,1.0330591689402535,2.42968650464957,0.9522,3.0689674771362423
GP_Matern52_PI,Acquisition Ablation,2,47,144,3,217713.0,776383,29394.0,0.1189525185445981,99.9994263397262,1.0,1.0,0.5694444444444444,44753.868055555555,155155.0,0.34322067295339026,0.24312045799888438,0.0438457920026849,10.144623294971097,ok,247107.0,247107.0,5211.171145509917,850.6761273907222,0.3733645649022635,1.039354363951174,2.4377000303188043,0.9524,3.0939936065550078
GP_Matern52_PI,Acquisition Ablation,2,48,147,3,217713.0,776383,29394.0,0.1189525185445981,99.9994263397262,1.0,1.0,0.5782312925170068,45399.925170068025,82455.0,0.22212381608192452,0.4451271670004644,0.03189162499984377,10.621642086971406,ok,247107.0,247107.0,5159.4224473144795,842.0162907945024,0.37538742293664407,1.0441650297987795,2.4429462310235546,0.9524,3.099543957496801
GP_Matern52_PI,Acquisition Ablation,2,49,150,3,217713.0,776383,29394.0,0.1189525185445981,99.9994263397262,1.0,1.0,0.5666666666666667,44491.926666666666,0.0,0.47494001396230784,0.45579129199904855,0.05151354199915659,11.12894692096961,ok,247107.0,247107.0,5118.499436754973,838.4595517150972,0.3806549233338286,1.0490854201864428,2.4485549973472835,0.9514,3.070930218000672
GP_Matern52_PI,Acquisition Ablation,3,0,3,3,0.0,409668,247107.0,1.0,93.70319341923158,0.0,0.0,0.0,0.0,0.0,1.0055793833043412,0.0,0.0,0.0,initial,247107.0,247107.0,,,,,,,
GP_Matern52_PI,Acquisition Ablation,3,1,6,3,11690.0,1976539,235417.0,0.9526925582844679,96.77383296192929,0.0,0.0,0.16666666666666666,1948.3333333333333,11690.0,1.1473314541316542,0.00011145900134579279,0.003670999998576008,0.0037824589999218006,constant_target_fallback,247107.0,247107.0,7909.099054228617,1427.68,0.0,0.8171530915714472,3.9560373352279044,0.932,1.0
GP_Matern52_PI,Acquisition Ablation,3,2,9,3,51892.0,688635,195215.0,0.7900019020100604,99.37615264739298,1.0,0.0,0.4444444444444444,7806.777777777777,51892.0,0.23683541068436476,0.1809057499995106,0.010560167000221554,0.19524837599965394,ok,247107.0,247107.0,8027.927643959557,2290.0696243211705,0.31189295945494283,1.9435727019423303,26.913883811232377,0.6644,0.6986915894354463
GP_Matern52_PI,Acquisition Ablation,3,3,12,3,51892.0,688635,195215.0,0.7900019020100604,99.37615264739298,1.0,0.0,0.5,8591.083333333334,27615.0,0.4603727732857026,0.2950401249981951,0.012427082998328842,0.5027155839961779,ok,247107.0,247107.0,9167.995762691498,2618.7770778811305,0.2930370404257205,1.9513348381008033,3.798008851800922,0.7946,2.1137317662242996
GP_Matern52_PI,Acquisition Ablation,3,4,15,3,51892.0,688635,195215.0,0.7900019020100604,99.37615264739298,1.0,0.0,0.4666666666666667,6971.933333333333,1486.0,0.38964208838751974,0.23681154099904234,0.027602916001342237,0.7671300409965625,ok,247107.0,247107.0,9038.16606875894,2236.109529949826,0.0241338001431838,2.9839330204964867,6.735789338113211,0.9104,3.729820798345852
GP_Matern52_PI,Acquisition Ablation,3,5,18,3,84848.0,775841,162259.0,0.6566345753054345,99.80962674056723,1.0,0.0,0.5555555555555556,13472.611111111111,84848.0,0.7719196127356805,0.20239187499828404,0.02546845899996697,0.9949903749948135,ok,247107.0,247107.0,7689.929563622885,1446.1068130876065,0.08605651351745704,2.4788025615900637,2.852603998563159,0.9964,4.352121895504169
GP_Matern52_PI,Acquisition Ablation,3,6,21,3,135005.0,775817,112102.0,0.4536577272193827,99.98457673378164,1.0,1.0,0.6190476190476191,25066.14285714286,135005.0,0.4933420676747913,0.26239445800092653,0.01799479200053611,1.275379624996276,ok,247107.0,247107.0,7504.686777439864,1514.1714200572662,0.056446511958740966,3.0049044700456795,3.035686780634385,0.9934,4.807407966749389
GP_Matern52_PI,Acquisition Ablation,3,7,24,3,135005.0,775817,112102.0,0.4536577272193827,99.98457673378164,1.0,1.0,0.6666666666666666,31737.708333333332,113974.0,0.4065651978861367,0.09607533300004434,0.019190499999240274,1.3906454579955607,ok,247107.0,247107.0,8014.486123539024,1600.6650580590774,0.3727129017649055,2.4729179024600874,2.9028119534474595,0.9754,4.83281975560647
GP_Matern52_PI,Acquisition Ablation,3,8,27,3,135005.0,775817,112102.0,0.4536577272193827,99.98457673378164,1.0,1.0,0.6666666666666666,35458.03703703704,107214.0,0.48567762274370274,0.05426887499925215,0.01600937499824795,1.4609237079930608,ok,247107.0,247107.0,14638.782053846488,2626.609309276559,0.11077540015682492,3.9680085878210374,3.381305033078359,0.9888,5.270180295844803
GP_Matern52_PI,Acquisition Ablation,3,9,30,3,135005.0,775817,112102.0,0.4536577272193827,99.98457673378164,1.0,1.0,0.7,35416.96666666667,45300.0,0.3659034978318463,0.06710279099934269,0.024072709002211923,1.5520992079946154,ok,247107.0,247107.0,6141.050297795684,1315.5427472292274,0.3966578644259332,2.123037821918763,2.8306668923736975,0.9678,4.92444276693251
GP_Matern52_PI,Acquisition Ablation,3,10,33,3,186637.0,776636,60470.0,0.24471180500754733,99.99768896861127,1.0,1.0,0.7272727272727273,42896.93939393939,186637.0,0.4936215829229078,0.07387320899943006,0.018132417000742862,1.6441048339947884,ok,247107.0,247107.0,5687.493520082638,1153.583352329524,0.3606914123717552,2.229169139766785,2.858876604876887,0.9728,4.899936891355184
GP_Matern52_PI,Acquisition Ablation,3,11,36,3,186637.0,776636,60470.0,0.24471180500754733,99.99768896861127,1.0,1.0,0.6666666666666666,39322.194444444445,0.0,0.5947715314541462,0.07188849999874947,0.012715624998236308,1.7287089589917741,ok,247107.0,247107.0,5848.345395993063,1139.799839814434,0.4043323387072316,1.9489272689509205,2.823774474972335,0.9622,5.004669913896764
GP_Matern52_PI,Acquisition Ablation,3,12,39,3,186637.0,776636,60470.0,0.24471180500754733,99.99768896861127,1.0,1.0,0.6923076923076923,42630.179487179485,102282.0,0.22715127494706955,0.12303770899961819,0.01591033300064737,1.8676570009920397,ok,247107.0,247107.0,5911.424755278758,1130.1675484280727,0.3759371352784851,1.8472073399549314,2.777831236959033,0.9668,4.780249328140266
GP_Matern52_PI,Acquisition Ablation,3,13,42,3,186637.0,776636,60470.0,0.24471180500754733,99.99768896861127,1.0,1.0,0.7142857142857143,42700.26190476191,83600.0,0.44790940743758106,0.037229375000606524,0.020969457997125573,1.9258558339897718,ok,247107.0,247107.0,5949.325492943291,1141.4194298412892,0.3800243626278163,1.8062461924255215,2.8016868231073584,0.9654,5.0361164018643585
GP_Matern52_PI,Acquisition Ablation,3,14,45,3,186637.0,776636,60470.0,0.24471180500754733,99.99768896861127,1.0,1.0,0.6666666666666666,39853.57777777778,0.0,0.6637940651695805,0.1030252919990744,0.021208124999247957,2.050089250988094,ok,247107.0,247107.0,5456.20663351397,1086.867508768208,0.3792855972276849,2.0017805707041103,2.8289192535641736,0.9624,4.804336421300778
GP_Matern52_PI,Acquisition Ablation,3,15,48,3,186637.0,776636,60470.0,0.24471180500754733,99.99768896861127,1.0,1.0,0.6875,39860.916666666664,90993.0,0.924092002155394,0.16941837500053225,0.012792041998181958,2.2322996679868083,ok,247107.0,247107.0,5431.416078173807,1051.8969743604368,0.3969282832033921,1.7532391461002335,2.7451645037530485,0.9606,4.465811587306512
GP_Matern52_PI,Acquisition Ablation,3,16,51,3,220293.0,775859,26814.0,0.10851169736187158,99.99963941354218,1.0,1.0,0.7058823529411765,46210.56862745098,220293.0,0.3135261842599914,0.09075649999795132,0.013500000000931323,2.336556167985691,ok,247107.0,247107.0,5752.758376688692,1063.0929381607732,0.413125486071795,1.5294661955745377,2.7171722425494553,0.9596,4.5574694808951035
GP_Matern52_PI,Acquisition Ablation,3,17,54,3,220293.0,775859,26814.0,0.10851169736187158,99.99963941354218,1.0,1.0,0.6666666666666666,43643.31481481482,0.0,0.6834764547262376,0.21743508299914538,0.029968208000354934,2.5839594589851913,ok,247107.0,247107.0,5806.227654169623,1071.9133914225076,0.412929317981664,1.5461889346803008,2.729483266416,0.9602,4.6292245944821975
GP_Matern52_PI,Acquisition Ablation,3,18,57,3,220293.0,775859,26814.0,0.10851169736187158,99.99963941354218,1.0,1.0,0.631578947368421,41346.29824561404,0.0,0.23231983395756695,0.18020862499906798,0.020101374997466337,2.7842694589817256,ok,247107.0,247107.0,5758.041016325733,1068.3495012250562,0.4150592756414853,1.4628083149938689,2.6918367817974076,0.9524,4.229028157102384
GP_Matern52_PI,Acquisition Ablation,3,19,60,3,220293.0,775859,26814.0,0.10851169736187158,99.99963941354218,1.0,1.0,0.6,39278.98333333333,0.0,0.6730509395009135,0.09925033299805364,0.01691249999930733,2.9004322919790866,ok,247107.0,247107.0,6303.52182469428,1157.2294297408507,0.3948810450316104,1.375344081011426,2.6753959142535853,0.942,4.164311729496441
GP_Matern52_PI,Acquisition Ablation,3,20,63,3,220293.0,775859,26814.0,0.10851169736187158,99.99963941354218,1.0,1.0,0.6190476190476191,41326.23809523809,112857.0,0.0951966644560312,0.148739915999613,0.02659733300242806,3.0757695409811276,ok,247107.0,247107.0,6287.54775695716,1154.8515747722909,0.40000667889810565,1.305980981268721,2.62878985091423,0.9412,3.884737466094317
GP_Matern52_PI,Acquisition Ablation,3,21,66,3,220293.0,775859,26814.0,0.10851169736187158,99.99963941354218,1.0,1.0,0.5909090909090909,39447.77272727273,0.0,0.5211172387589903,0.16264316600063466,0.018930709000414936,3.2573434159821772,ok,247107.0,247107.0,6328.800114099789,1163.3448144658578,0.39653690339980635,1.3193984800309484,2.6448839384659024,0.9404,3.878387576235755
GP_Matern52_PI,Acquisition Ablation,3,22,69,3,220293.0,775859,26814.0,0.10851169736187158,99.99963941354218,1.0,1.0,0.5797101449275363,39038.391304347824,90096.0,1.2352229901220408,0.1612015419996169,0.02536537500054692,3.443910332982341,ok,247107.0,247107.0,6317.101911909922,1161.50015607814,0.39858056629569827,1.2814290490675466,2.6251100764555324,0.938,3.673836274932144
GP_Matern52_PI,Acquisition Ablation,3,23,72,3,220293.0,775859,26814.0,0.10851169736187158,99.99963941354218,1.0,1.0,0.5972222222222222,42994.52777777778,217713.0,0.5611334552904926,0.21274783400076558,0.022757750000891974,3.6794159169839986,ok,247107.0,247107.0,6322.316705407067,1161.8315268022434,0.398988778328786,1.2640428404166355,2.614636838085104,0.9374,3.5993427727905956
GP_Matern52_PI,Acquisition Ablation,3,24,75,3,220293.0,775859,26814.0,0.10851169736187158,99.99963941354218,1.0,1.0,0.5733333333333334,41274.746666666666,0.0,0.5485000278002573,0.17980704200090258,0.042431207999470644,3.901654166984372,ok,247107.0,247107.0,6350.30836218562,1166.1171315646184,0.39762137130552316,1.283555409949197,2.637033746989449,0.9364,3.6272459368668786
GP_Matern52_PI,Acquisition Ablation,3,25,78,3,220293.0,775859,26814.0,0.10851169736187158,99.99963941354218,1.0,1.0,0.5769230769230769,42992.8717948718,150473.0,0.8955684125999434,0.2754529579979135,0.026505207999434788,4.20361233298172,ok,247107.0,247107.0,6339.500748706928,1164.5101762145493,0.4002116399340967,1.2441223981609455,2.6136070747088196,0.9338,3.4165760607744633
GP_Matern52_PI,Acquisition Ablation,3,26,81,3,220293.0,775859,26814.0,0.10851169736187158,99.99963941354218,1.0,1.0,0.5802469135802469,43510.08641975309,112805.0,0.9855960241497691,0.20482279200223275,0.021443083001940977,4.429878207985894,ok,247107.0,247107.0,6337.96390598226,1163.9566732589021,0.40229902359799274,1.228495539249136,2.609177859067351,0.9304,3.325341501254504
GP_Matern52_PI,Acquisition Ablation,3,27,84,3,220293.0,775859,26814.0,0.10851169736187158,99.99963941354218,1.0,1.0,0.5952380952380952,45583.65476190476,115040.0,0.4389256863957927,0.16413399999873945,0.026067167000292102,4.620079374984925,ok,247107.0,247107.0,6324.315342600419,1162.4726192389487,0.4005611639866906,1.218941224378008,2.615091497639981,0.9266,3.237301210931345
GP_Matern52_PI,Acquisition Ablation,3,28,87,3,220293.0,775859,26814.0,0.10851169736187158,99.99963941354218,1.0,1.0,0.6091954022988506,47372.06896551724,132304.0,0.624137794161475,0.11203283299983013,0.028369791998557048,4.760481999983313,ok,247107.0,247107.0,6314.093560236265,1160.4642865007097,0.3991121625791284,1.2410726486207844,2.6416331728347386,0.9236,3.2140657902033607
GP_Matern52_PI,Acquisition Ablation,3,29,90,3,220293.0,775859,26814.0,0.10851169736187158,99.99963941354218,1.0,1.0,0.5888888888888889,45793.0,0.0,0.6124543944722977,0.08940733300187276,0.02709316600157763,4.876982498986763,ok,247107.0,247107.0,6297.077586881706,1158.4294940576624,0.4002431805659309,1.2635022249506478,2.656510172609176,0.9226,3.1937298831974554
GP_Matern52_PI,Acquisition Ablation,3,30,93,3,220293.0,775859,26814.0,0.10851169736187158,99.99963941354218,1.0,1.0,0.6021505376344086,47050.13978494624,106867.0,0.5972262113672725,0.7071672079982818,0.01877441699980409,5.602924123984849,ok,247107.0,247107.0,6287.711349986743,1157.1823676230904,0.40320627782037693,1.191771327391318,2.590991176425556,0.9222,2.9151919705596243
GP_Matern52_PI,Acquisition Ablation,3,31,96,3,220293.0,775859,26814.0,0.10851169736187158,99.99963941354218,1.0,1.0,0.6145833333333334,49317.697916666664,129817.0,0.45367696197631807,0.11223258400059422,0.02087716599999112,5.736033873985434,ok,247107.0,247107.0,6307.622511822356,1161.025307757674,0.4035523420882266,1.2014761957514242,2.608833381870264,0.921,2.8980620926268252
GP_Matern52_PI,Acquisition Ablation,3,32,99,3,220293.0,775859,26814.0,0.10851169736187158,99.99963941354218,1.0,1.0,0.6262626262626263,50688.9898989899,108341.0,0.2980955548612277,0.16330004100018414,0.048462708000442944,5.947796622986061,ok,247107.0,247107.0,6305.876320899408,1160.0205413734,0.402683519909324,1.214705137161606,2.6275507234046875,0.9188,2.8948414553754183
GP_Matern52_PI,Acquisition Ablation,3,33,102,3,220293.0,775859,26814.0,0.10851169736187158,99.99963941354218,1.0,1.0,0.6372549019607843,52460.794117647056,147353.0,0.4160785360246704,0.18324270800076192,0.021556499999860534,6.152595830986684,ok,247107.0,247107.0,6314.507400823388,1160.5870490069267,0.4015812156610888,1.2229057308283762,2.6406142806134056,0.9184,2.903729208553597
GP_Matern52_PI,Acquisition Ablation,3,34,105,3,220293.0,775859,26814.0,0.10851169736187158,99.99963941354218,1.0,1.0,0.6476190476190476,53391.780952380956,108886.0,0.5864890700844071,0.16844333299741265,0.022719249998772284,6.343758413982869,ok,247107.0,247107.0,6323.83349381859,1162.6815524374008,0.40411708422042175,1.23081869562258,2.6434848171563097,0.9186,2.898727023212952
GP_Matern52_PI,Acquisition Ablation,3,35,108,3,220293.0,775859,26814.0,0.10851169736187158,99.99963941354218,1.0,1.0,0.6388888888888888,52286.7037037037,40827.0,1.1696076830545385,0.22840016700138221,0.026879790999373654,6.5990383719836245,ok,247107.0,247107.0,6122.1031204174415,1127.3024029967903,0.4046173505058688,1.2168328570018083,2.5405179439644003,0.9288,3.079715047522309
GP_Matern52_PI,Acquisition Ablation,3,36,111,3,220293.0,775859,26814.0,0.10851169736187158,99.99963941354218,1.0,1.0,0.6486486486486487,54581.09009009009,183474.0,0.21675242126348396,0.3230083749986079,0.03506520799783175,6.957111954980064,ok,247107.0,247107.0,6120.970377419464,1124.8149605222206,0.4074781036868584,1.2021795729316096,2.546309270795606,0.9254,2.9482729422698597
GP_Matern52_PI,Acquisition Ablation,3,37,114,3,220293.0,775859,26814.0,0.10851169736187158,99.99963941354218,1.0,1.0,0.631578947368421,53144.745614035084,0.0,0.6679891467324856,0.3458961249998538,0.02425920799942105,7.327267287979339,ok,247107.0,247107.0,6080.578055211728,1123.2416554799588,0.4066774757296225,1.203622386865598,2.538776257495594,0.9268,2.9888852586798262
GP_Matern52_PI,Acquisition Ablation,3,38,117,3,220293.0,775859,26814.0,0.10851169736187158,99.99963941354218,1.0,1.0,0.6410256410256411,55904.48717948718,199011.0,0.2834187645378328,0.2975126249984896,0.03721962499912479,7.661999537976953,ok,247107.0,247107.0,6085.59297465295,1123.1426209694448,0.4061639948373165,1.1795206224939645,2.527668558438756,0.9242,2.826746525997949
GP_Matern52_PI,Acquisition Ablation,3,39,120,3,220293.0,775859,26814.0,0.10851169736187158,99.99963941354218,1.0,1.0,0.6333333333333333,55001.1,59307.0,0.8424190066495862,0.13492562499959604,0.024962416999187553,7.821887579975737,ok,247107.0,247107.0,6064.767794030563,1123.6324052443094,0.4046189693617539,1.1968428172675623,2.5395133551659934,0.9236,2.832081907432405
GP_Matern52_PI,Acquisition Ablation,3,40,123,3,220293.0,775859,26814.0,0.10851169736187158,99.99963941354218,1.0,1.0,0.6260162601626016,54728.39837398374,131461.0,1.0010109147161999,0.17020441700151423,0.035220291996665765,8.027312288973917,ok,247107.0,247107.0,6059.997261226957,1123.903607993904,0.404775213152812,1.187824722224899,2.581790354355881,0.9208,2.7357475669679348
GP_Matern52_PI,Acquisition Ablation,3,41,126,3,220293.0,775859,26814.0,0.10851169736187158,99.99963941354218,1.0,1.0,0.6349206349206349,56340.166666666664,136509.0,0.27480919222532146,0.38060200000109035,0.04756570799872861,8.455479996973736,ok,247107.0,247107.0,6063.109560428919,1124.1237546517912,0.4055390652095929,1.1564468316680214,2.5541115049545855,0.9184,2.5721811812760387
GP_Matern52_PI,Acquisition Ablation,3,42,129,3,220293.0,775859,26814.0,0.10851169736187158,99.99963941354218,1.0,1.0,0.6434108527131783,56040.24031007752,67472.0,0.6617035000210106,0.21860508299869252,0.0365592909984116,8.71064437097084,ok,247107.0,247107.0,6065.7227932097685,1124.9689260679145,0.4044508946577515,1.1653111560425802,2.567155879444252,0.9176,2.5711224773937027
GP_Matern52_PI,Acquisition Ablation,3,43,132,3,220293.0,775859,26814.0,0.10851169736187158,99.99963941354218,1.0,1.0,0.6515151515151515,56649.55303030303,144409.0,0.534317265764169,0.22316470799705712,0.04166487499969662,8.975473953967594,ok,247107.0,247107.0,6059.648572642158,1120.7894852700338,0.4055996251365677,1.1864641229175579,2.6077853059892986,0.9146,2.542863643690202
GP_Matern52_PI,Acquisition Ablation,3,44,135,3,220293.0,775859,26814.0,0.10851169736187158,99.99963941354218,1.0,1.0,0.6518518518518519,56622.985185185185,111248.0,1.1629274994375656,0.40931512500173994,0.037387915999715915,9.42217699496905,ok,247107.0,247107.0,6029.669859571773,1113.9541183376764,0.40503439046213496,1.2058129477841562,2.6315998690378093,0.911,2.5212243937797187
GP_Matern52_PI,Acquisition Ablation,3,45,138,3,220293.0,775859,26814.0,0.10851169736187158,99.99963941354218,1.0,1.0,0.6594202898550725,57227.536231884056,132665.0,0.5444251850003837,0.19785541600140277,0.05262529199899291,9.672657702969445,ok,247107.0,247107.0,6019.102009258625,1111.298545680275,0.4078004450834997,1.2010616915219263,2.621770354550508,0.9116,2.505005675644064
GP_Matern52_PI,Acquisition Ablation,3,46,141,3,220293.0,775859,26814.0,0.10851169736187158,99.99963941354218,1.0,1.0,0.6595744680851063,56842.82978723404,75846.0,0.630182501567687,0.2522557919983228,0.027464041999337496,9.952377536967106,ok,247107.0,247107.0,5987.777475121209,1101.8911623937172,0.4187106013506433,1.1559791257431662,2.5750418706335614,0.9176,2.5346436024833783
GP_Matern52_PI,Acquisition Ablation,3,47,144,3,220293.0,775859,26814.0,0.10851169736187158,99.99963941354218,1.0,1.0,0.6666666666666666,57298.645833333336,145210.0,0.3023714037005451,0.5320888749993173,0.04399645800003782,10.52846286996646,ok,247107.0,247107.0,5954.593464561438,1098.6934765503977,0.4186020206453386,1.181977337293266,2.6138709092189725,0.9124,2.44243398331085
GP_Matern52_PI,Acquisition Ablation,3,48,147,3,222233.0,690435,24874.0,0.10066084732524777,99.99983609706463,1.0,1.0,0.673469387755102,59604.37414965987,222233.0,0.2800349810622025,0.6863646669989976,0.04008816699933959,11.254915703964798,ok,247107.0,247107.0,5914.734744668346,1083.4116383894893,0.42025836275644674,1.1815297805138572,2.59847830013145,0.9146,2.4495624908520455
GP_Matern52_PI,Acquisition Ablation,3,49,150,3,222233.0,690435,24874.0,0.10066084732524777,99.99983609706463,1.0,1.0,0.68,60572.59333333333,207261.0,0.4916486111397215,0.3838510409987066,0.04190833299799124,11.680675077961496,ok,247107.0,247107.0,5912.893448716553,1085.4249231689296,0.41911400026274465,1.1880524395483154,2.5826989283527,0.916,2.4895365045339584
GP_Matern52_PI,Acquisition Ablation,4,0,3,3,0.0,3806703,247107.0,1.0,93.70319341923158,0.0,0.0,0.0,0.0,0.0,0.8989998979021484,0.0,0.0,0.0,initial,247107.0,247107.0,,,,,,,
GP_Matern52_PI,Acquisition Ablation,4,1,6,3,0.0,3806703,247107.0,1.0,93.70319341923158,0.0,0.0,0.0,0.0,0.0,0.7883539755679824,0.00011604199971770868,0.0069694170015282,0.0070854590012459084,constant_target_fallback,247107.0,247107.0,8775.797842190761,1529.645,0.0,0.8104050858432441,3.93666540770458,0.9332,1.0
GP_Matern52_PI,Acquisition Ablation,4,2,9,3,0.0,3806703,247107.0,1.0,93.70319341923158,0.0,0.0,0.0,0.0,0.0,1.0439140667798688,0.00016229200264206156,0.0060468750016298145,0.013294626005517785,constant_target_fallback,247107.0,247107.0,8775.797842190761,1529.645,0.0,0.8104050858432441,3.93666540770458,0.9332,1.0
GP_Matern52_PI,Acquisition Ablation,4,3,12,3,0.0,3806703,247107.0,1.0,93.70319341923158,0.0,0.0,0.0,0.0,0.0,1.1402702788064973,9.479199798079208e-05,0.008189874999516178,0.021579293003014755,constant_target_fallback,247107.0,247107.0,8775.797842190761,1529.645,0.0,0.8104050858432441,3.93666540770458,0.9332,1.0
GP_Matern52_PI,Acquisition Ablation,4,4,15,3,0.0,3806703,247107.0,1.0,93.70319341923158,0.0,0.0,0.0,0.0,0.0,1.0890361027601483,7.225000081234612e-05,0.005370957998820813,0.027022501002647914,constant_target_fallback,247107.0,247107.0,8775.797842190761,1529.645,0.0,0.8104050858432441,3.93666540770458,0.9332,1.0
GP_Matern52_PI,Acquisition Ablation,4,5,18,3,25397.0,440711,221710.0,0.8972226606287964,98.22593101784378,0.0,0.0,0.05555555555555555,1410.9444444444443,25397.0,1.2231924939881342,8.354199962923303e-05,0.002731249998760177,0.029837293001037324,constant_target_fallback,247107.0,247107.0,8775.797842190761,1529.645,0.0,0.8104050858432441,3.93666540770458,0.9332,1.0
GP_Matern52_PI,Acquisition Ablation,4,6,21,3,25397.0,440711,221710.0,0.8972226606287964,98.22593101784378,0.0,0.0,0.047619047619047616,1209.3809523809523,0.0,0.157881658598262,0.035021458999835886,0.019412792000366608,0.08427154400123982,ok,247107.0,247107.0,8793.653277997535,1728.5422270455365,0.40039896693384236,0.908215173168752,3.4438692067801435,0.8262,0.9575050550971744
GP_Matern52_PI,Acquisition Ablation,4,7,24,3,48127.0,946632,198980.0,0.8052382166429927,99.24229312007594,1.0,0.0,0.08333333333333333,3063.5,48127.0,0.5803702746036801,0.03474595800071256,0.016586207999353064,0.13560371000130544,ok,247107.0,247107.0,9899.842595064223,2573.645841975434,0.014727547149744493,1.22090617076705,4093.365602779746,0.8878,0.9249985448780746
GP_Matern52_PI,Acquisition Ablation,4,8,27,3,48127.0,946632,198980.0,0.8052382166429927,99.24229312007594,1.0,0.0,0.18518518518518517,6726.222222222223,43751.0,0.4194652229379554,0.11181829199995263,0.01913241700094659,0.26655441900220467,ok,247107.0,247107.0,8598.211056004706,1517.9920820287623,0.1523213436899416,1.0480238925686656,2.7549038587225243,0.932,2.3358746329371276
GP_Matern52_PI,Acquisition Ablation,4,9,30,3,120271.0,604466,126836.0,0.5132837191985659,99.97020244634966,1.0,1.0,0.26666666666666666,16211.266666666666,120271.0,0.3310810906348592,0.08782379200056312,0.025273125000239816,0.3796513360030076,ok,247107.0,247107.0,8563.01747015137,1507.981115473547,0.151431939937278,1.2434341602986068,2.401364254768616,0.9334,2.5097292087977308
GP_Matern52_PI,Acquisition Ablation,4,10,33,3,120271.0,604466,126836.0,0.5132837191985659,99.97020244634966,1.0,1.0,0.3333333333333333,23520.424242424244,114263.0,0.47144755414003287,0.08521495800232515,0.024157333002222003,0.48902362700755475,ok,247107.0,247107.0,8397.63213094829,1479.1781903859946,0.2073102004581391,1.4030266985778344,2.4153962461400167,0.9516,3.016793725919146
GP_Matern52_PI,Acquisition Ablation,4,11,36,3,120271.0,604466,126836.0,0.5132837191985659,99.97020244634966,1.0,1.0,0.3888888888888889,29665.527777777777,108942.0,0.5525131045278234,0.08032599999933154,0.01887154199721408,0.5882211690041004,ok,247107.0,247107.0,8148.813599662831,1429.008553522424,0.2252415900581448,1.4463463668384553,2.459321604593792,0.9682,3.2594965958724624
GP_Matern52_PI,Acquisition Ablation,4,12,39,3,123038.0,1043432,124069.0,0.5020861408215874,99.97352967593767,1.0,1.0,0.4358974358974359,35129.205128205125,123038.0,0.2357283061610186,0.10890091699911864,0.011691583000356331,0.7088136690035753,ok,247107.0,247107.0,8127.586283866992,1433.6315095406549,0.21864225221235775,1.4616142627104314,2.5041307027807167,0.9722,3.4004698354023954
GP_Matern52_PI,Acquisition Ablation,4,13,42,3,123038.0,1043432,124069.0,0.5020861408215874,99.97352967593767,1.0,1.0,0.47619047619047616,38296.21428571428,114317.0,0.24291919461875158,0.04627916699973866,0.017415541999071138,0.7725083780023851,ok,247107.0,247107.0,8103.616098019134,1427.6845147674464,0.2108885788231495,1.4657739540281212,2.5435247985086806,0.9696,3.4557708745690157
GP_Matern52_PI,Acquisition Ablation,4,14,45,3,128796.0,691969,118311.0,0.47878449416649466,99.97934823014333,1.0,1.0,0.5111111111111111,43284.22222222222,128796.0,0.295194421408502,0.0635377079997852,0.021821083002578234,0.8578671690047486,ok,247107.0,247107.0,8120.114509608519,1430.7018009932124,0.20537820934133239,1.4168003412046175,2.583184386475773,0.9646,3.437973197553581
GP_Matern52_PI,Acquisition Ablation,4,15,48,3,128796.0,691969,118311.0,0.47878449416649466,99.97934823014333,1.0,1.0,0.5,40730.875,7292.0,0.19420886321324646,0.11458845800007111,0.027381541000067955,0.9998371680048876,ok,247107.0,247107.0,8126.643527625388,1436.9029048995894,0.20489447189521992,1.4264594116330929,2.609057562928575,0.9636,3.4406433645144605
GP_Matern52_PI,Acquisition Ablation,4,16,51,3,128796.0,691969,118311.0,0.47878449416649466,99.97934823014333,1.0,1.0,0.5294117647058824,39658.39215686275,31118.0,0.32858582905418415,0.08572099999946658,0.023930749997816747,1.109488918002171,ok,247107.0,247107.0,44883.159644181964,8582.639792256496,0.13148905094721902,2.3079447710573056,3.9426814663822145,0.9024,3.4560150140192847
GP_Matern52_PI,Acquisition Ablation,4,17,54,3,128796.0,691969,118311.0,0.47878449416649466,99.97934823014333,1.0,1.0,0.5555555555555556,42600.2037037037,115912.0,0.2380683584799762,0.19357916700028,0.017794458999560447,1.3208625440020114,ok,247107.0,247107.0,7353.311981309778,1367.7123760913692,0.2800967154259539,2.0534392339770235,2.747948529899041,0.988,4.507199258427578
GP_Matern52_PI,Acquisition Ablation,4,18,57,3,128796.0,691969,118311.0,0.47878449416649466,99.97934823014333,1.0,1.0,0.5789473684210527,42435.57894736842,54497.0,0.6966507967913537,0.14965999999913038,0.01712016599776689,1.4876427099989087,ok,247107.0,247107.0,15670.351435280716,3280.2191894830326,0.1354157019915106,2.338880705382269,6.240097343346564,0.91,3.3924917206292973
GP_Matern52_PI,Acquisition Ablation,4,19,60,3,128796.0,691969,118311.0,0.47878449416649466,99.97934823014333,1.0,1.0,0.5666666666666667,41412.9,65946.0,0.8102011130066566,0.22633879199929652,0.039964125000551576,1.7539456269987568,ok,247107.0,247107.0,9399.45777728663,2187.2578096300813,0.13381927582303493,2.3654464725859268,5.570745069106129,0.919,3.4873854711036607
GP_Matern52_PI,Acquisition Ablation,4,20,63,3,128796.0,691969,118311.0,0.47878449416649466,99.97934823014333,1.0,1.0,0.5714285714285714,41224.01587301587,59585.0,0.45565059239693934,0.19792458299707505,0.024445750001177657,1.9763159599970095,ok,247107.0,247107.0,6854.7338441144,1441.3913237047757,0.19752630368354337,2.089788291770699,2.957230815299232,0.942,3.8019927607957156
GP_Matern52_PI,Acquisition Ablation,4,21,66,3,128796.0,691969,118311.0,0.47878449416649466,99.97934823014333,1.0,1.0,0.5757575757575758,40641.878787878784,63455.0,0.538569783524678,0.11694016699766507,0.028754165999998804,2.1220102929946734,ok,247107.0,247107.0,7990.661808273963,1775.852692360419,0.17099620863828424,2.273968534436637,2.9118025610991607,0.9592,4.3905812370987345
GP_Matern52_PI,Acquisition Ablation,4,22,69,3,128796.0,691969,118311.0,0.47878449416649466,99.97934823014333,1.0,1.0,0.5942028985507246,42711.34782608696,108276.0,0.4108557796185741,0.2747808330022963,0.026384459000837523,2.423175584997807,ok,247107.0,247107.0,6954.885804244521,1417.1398638183155,0.26415403969321805,2.8043258918727196,3.014311705864962,0.99,5.141608607096135
GP_Matern52_PI,Acquisition Ablation,4,23,72,3,128796.0,691969,118311.0,0.47878449416649466,99.97934823014333,1.0,1.0,0.6111111111111112,43125.305555555555,53244.0,0.37591069556444784,0.28558987499854993,0.02281470800153329,2.7315801679978904,ok,247107.0,247107.0,6974.307895516063,1434.3538058236584,0.2659672828425534,2.645037797811716,2.9674121092244112,0.9858,5.16869480173838
GP_Matern52_PI,Acquisition Ablation,4,24,75,3,128796.0,691969,118311.0,0.47878449416649466,99.97934823014333,1.0,1.0,0.6266666666666667,42649.746666666666,87940.0,0.2944170127629215,0.2392139590010629,0.018579417002911214,2.9893735440018645,ok,247107.0,247107.0,7673.234017057663,1559.599750570673,0.24405426845213118,2.9417572587176624,3.0209535299782035,0.9842,4.447650655104067
GP_Matern52_PI,Acquisition Ablation,4,25,78,3,186121.0,776635,60986.0,0.24679996924409264,99.9976561880242,1.0,1.0,0.6410256410256411,46033.807692307695,186121.0,0.4179198603305565,0.23238299999866285,0.023174666999693727,3.244931211000221,ok,247107.0,247107.0,6538.61202112248,1389.7648012394882,0.25510170130334786,2.8243813814005785,3.0396477476261503,0.987,5.1480628575820795
GP_Matern52_PI,Acquisition Ablation,4,26,81,3,186121.0,776635,60986.0,0.24679996924409264,99.9976561880242,1.0,1.0,0.654320987654321,45614.49382716049,50996.0,0.46038897169375925,0.4936767500003043,0.028864584000984905,3.7674725450015103,ok,247107.0,247107.0,6348.427546445938,1327.2294176907765,0.2622560557864461,2.5855624357005706,2.9534864384246546,0.985,5.174936415799883
GP_Matern52_PI,Acquisition Ablation,4,27,84,3,186121.0,776635,60986.0,0.24679996924409264,99.9976561880242,1.0,1.0,0.6666666666666666,46699.083333333336,95577.0,0.5493065664862303,0.35470600000189734,0.024755624999670545,4.146934170003078,ok,247107.0,247107.0,6405.014027431098,1396.2981022194856,0.24930394612009962,2.81182558945372,3.0419153367791187,0.9858,5.264506697118572
GP_Matern52_PI,Acquisition Ablation,4,28,87,3,186121.0,776635,60986.0,0.24679996924409264,99.9976561880242,1.0,1.0,0.6781609195402298,46806.425287356324,102000.0,0.4453664608706836,0.12782158300251467,0.023961959002917865,4.298717712008511,ok,247107.0,247107.0,6002.35011922469,1372.189560364343,0.26510267336134624,2.8319896756430567,3.050467883018906,0.984,5.226064539069186
GP_Matern52_PI,Acquisition Ablation,4,29,90,3,186121.0,776635,60986.0,0.24679996924409264,99.9976561880242,1.0,1.0,0.6888888888888889,47384.61111111111,73100.0,0.2998414443190325,0.13633691699942574,0.02935283300030278,4.464407462008239,ok,247107.0,247107.0,6017.599752982367,1372.31225484501,0.2576037453930505,2.8169397297870966,3.048360108061375,0.983,5.216870209375043
GP_Matern52_PI,Acquisition Ablation,4,30,93,3,186121.0,776635,60986.0,0.24679996924409264,99.9976561880242,1.0,1.0,0.6989247311827957,49433.333333333336,183379.0,0.18529290499230255,0.34179724999921746,0.029482291000022087,4.835687003007479,ok,247107.0,247107.0,5720.1022463011905,1279.6823756750982,0.27975867015212996,2.585476316558797,2.958098478257419,0.981,5.098217950173517
GP_Matern52_PI,Acquisition Ablation,4,31,96,3,186121.0,776635,60986.0,0.24679996924409264,99.9976561880242,1.0,1.0,0.7083333333333334,50705.010416666664,124596.0,0.5807896203898227,0.3245025420001184,0.024622541001008358,5.1848120860086055,ok,247107.0,247107.0,5591.825270527258,1249.6395833996542,0.28784878177186074,2.4548467066431097,2.9306537546304186,0.981,5.134835627849871
GP_Matern52_PI,Acquisition Ablation,4,32,99,3,186121.0,776635,60986.0,0.24679996924409264,99.9976561880242,1.0,1.0,0.696969696969697,50219.67676767677,104067.0,1.2634050020002972,0.3123089170003368,0.022418917000322836,5.519539920009265,ok,247107.0,247107.0,5519.051632810693,1241.5796221842788,0.29135268671143355,2.4243388947650346,2.928880821068561,0.9806,5.135696279252156
GP_Matern52_PI,Acquisition Ablation,4,33,102,3,186121.0,776635,60986.0,0.24679996924409264,99.9976561880242,1.0,1.0,0.7058823529411765,51294.80392156863,146450.0,0.29784536192824956,0.3186240409995662,0.022191083000507206,5.860355044009339,ok,247107.0,247107.0,5489.939632143618,1162.5316505218286,0.301053567887913,2.3536057110526434,2.9136039696035483,0.9796,5.075269991833029
GP_Matern52_PI,Acquisition Ablation,4,34,105,3,186121.0,776635,60986.0,0.24679996924409264,99.9976561880242,1.0,1.0,0.6857142857142857,49829.23809523809,0.0,0.6674515230637418,0.2847670000010112,0.04162483300024178,6.186746877010592,ok,247107.0,247107.0,5570.330266285654,1199.135976191792,0.2962816233796355,2.561657682813892,2.9948719368160805,0.977,5.1484016676880975
GP_Matern52_PI,Acquisition Ablation,4,35,108,3,186121.0,776635,60986.0,0.24679996924409264,99.9976561880242,1.0,1.0,0.6944444444444444,50373.31481481482,158523.0,0.5542248949681349,0.25274270799855003,0.03122008399805054,6.470709669007192,ok,247107.0,247107.0,5399.022711350999,1066.201761865101,0.3171917074434067,2.178716086292114,2.872564284156325,0.9778,4.950310499672169
GP_Matern52_PI,Acquisition Ablation,4,36,111,3,186121.0,776635,60986.0,0.24679996924409264,99.9976561880242,1.0,1.0,0.6756756756756757,49011.873873873876,0.0,0.49915653342702776,0.2942054579980322,0.02787670799807529,6.7927918350033,ok,247107.0,247107.0,5401.722385195156,1050.1620807543936,0.31983645775461794,2.1431085687275475,2.866855623625596,0.9756,4.911666316576708
GP_Matern52_PI,Acquisition Ablation,4,37,114,3,186121.0,776635,60986.0,0.24679996924409264,99.9976561880242,1.0,1.0,0.6842105263157895,49010.54385964912,72262.0,0.3303950978613984,0.3367995840017102,0.03494762500122306,7.164539044006233,ok,247107.0,247107.0,5412.3713677653295,1015.9121242081352,0.3325259906307217,2.036839365085142,2.8311366943847305,0.9754,4.7742519559668395
GP_Matern52_PI,Acquisition Ablation,4,38,117,3,186121.0,776635,60986.0,0.24679996924409264,99.9976561880242,1.0,1.0,0.6837606837606838,49496.418803418805,116517.0,0.9463578774193507,0.2763413339998806,0.028036291998432716,7.468916670004546,ok,247107.0,247107.0,5416.419607180011,1012.8051941814618,0.3304121468710191,2.050211037047819,2.8453787884220443,0.9744,4.774925399209366
GP_Matern52_PI,Acquisition Ablation,4,39,120,3,186121.0,776635,60986.0,0.24679996924409264,99.9976561880242,1.0,1.0,0.6916666666666667,49419.8,77981.0,0.24589948013765814,0.6628868330008117,0.033178875000885455,8.164982378006243,ok,247107.0,247107.0,5456.384242605887,1013.8227020793998,0.3384422573275892,2.0207996372042363,2.8372729382426947,0.9744,4.7884941192754775
GP_Matern52_PI,Acquisition Ablation,4,40,123,3,186121.0,776635,60986.0,0.24679996924409264,99.9976561880242,1.0,1.0,0.6991869918699187,49941.10569105691,107278.0,0.6406287136069079,0.43787841700032004,0.08268329199927393,8.685544087005837,ok,247107.0,247107.0,5440.141389503358,1017.8846904124267,0.33875877842462454,2.0197383246573137,2.8526396518522215,0.9716,4.770544802035566
GP_Matern52_PI,Acquisition Ablation,4,41,126,3,186121.0,776635,60986.0,0.24679996924409264,99.9976561880242,1.0,1.0,0.6904761904761905,49574.22222222222,103596.0,1.0765086985418808,0.8324916669989761,0.03751325000121142,9.555549004006025,ok,247107.0,247107.0,5297.032726881836,1016.7268378797382,0.3330806580217006,2.100247780439523,2.8926525306287934,0.9678,4.758214909721205
GP_Matern52_PI,Acquisition Ablation,4,42,129,3,186121.0,776635,60986.0,0.24679996924409264,99.9976561880242,1.0,1.0,0.6821705426356589,48880.52713178295,59236.0,1.181651787765168,0.5461428339986014,0.04041529200185323,10.14210713000648,ok,247107.0,247107.0,5314.130763044052,998.0844508745441,0.3533044679406555,1.9173952780648011,2.8432072372806094,0.9676,4.684369709480305
GP_Matern52_PI,Acquisition Ablation,4,43,132,3,186121.0,776635,60986.0,0.24679996924409264,99.9976561880242,1.0,1.0,0.6666666666666666,47769.606060606064,0.0,0.36560354451090316,0.41731691699897056,0.037204541000392055,10.596628588005842,ok,247107.0,247107.0,5318.997915577829,991.8867574301221,0.36438903879730744,1.82244150281533,2.8174294168860547,0.9672,4.619050770799313
GP_Matern52_PI,Acquisition Ablation,4,44,135,3,186121.0,776635,60986.0,0.24679996924409264,99.9976561880242,1.0,1.0,0.674074074074074,48689.65185185185,159755.0,0.3972590415748791,0.38757862499915063,0.03960587500114343,11.023813088006136,ok,247107.0,247107.0,5323.537780439371,975.5110876680786,0.37490358596052736,1.7281346589074826,2.7733667014727397,0.9698,4.5362063112852775
GP_Matern52_PI,Acquisition Ablation,4,45,138,3,186121.0,776635,60986.0,0.24679996924409264,99.9976561880242,1.0,1.0,0.6811594202898551,48532.282608695656,105396.0,0.7038453479772763,0.5681887909995567,0.04273716700117802,11.634739046006871,ok,247107.0,247107.0,5218.784340038569,949.2620802520506,0.3811302380431424,1.6895387764333574,2.7666838542540226,0.9682,4.493439395569718
GP_Matern52_PI,Acquisition Ablation,4,46,141,3,186121.0,776635,60986.0,0.24679996924409264,99.9976561880242,1.0,1.0,0.6808510638297872,48417.51063829787,120352.0,0.7368286319046174,0.41991679199782084,0.04538962500009802,12.10004546300479,ok,247107.0,247107.0,5178.818364255772,918.7391859350159,0.3802002010490434,1.684647834896934,2.7717664602599115,0.9668,4.492541128047152
GP_Matern52_PI,Acquisition Ablation,4,47,144,3,186121.0,776635,60986.0,0.24679996924409264,99.9976561880242,1.0,1.0,0.6875,47985.555555555555,46572.0,0.38456822698864057,0.46814187499694526,0.04820649999965099,12.616393838001386,ok,247107.0,247107.0,5198.033670691119,928.6258560665868,0.38074865132295227,1.6462742340349767,2.7621836359350085,0.9684,4.554706166140834
GP_Matern52_PI,Acquisition Ablation,4,48,147,3,186121.0,776635,60986.0,0.24679996924409264,99.9976561880242,1.0,1.0,0.6938775510204082,48526.183673469386,130114.0,0.3997793785578585,0.698242582999228,0.04038833400045405,13.355024755001068,ok,247107.0,247107.0,5320.7709187729015,961.7417623219247,0.3716122377289133,1.663953908826692,2.7679738053635754,0.9666,4.552479360557651
GP_Matern52_PI,Acquisition Ablation,4,49,150,3,186121.0,776635,60986.0,0.24679996924409264,99.9976561880242,1.0,1.0,0.7,48307.27333333333,50044.0,0.1636262914884569,0.4053462500014575,0.040904417001002,13.801275422003528,ok,247107.0,247107.0,5307.978187044087,945.5353519820321,0.37123957836162164,1.6688461034657862,2.7803645620384296,0.966,4.580889848897648
